TRUE_CLASS,PREDICTED_CLASS,PROSPECTID,time_since_recent_payment,time_since_first_deliquency,time_since_recent_deliquency,num_times_delinquent,max_delinquency_level,max_recent_level_of_deliq,num_deliq_6mts,num_deliq_12mts,num_deliq_6_12mts,max_deliq_6mts,max_deliq_12mts,num_times_30p_dpd,num_times_60p_dpd,num_std,num_std_6mts,num_std_12mts,num_sub,num_sub_6mts,num_sub_12mts,num_dbt,num_dbt_6mts,num_dbt_12mts,num_lss,num_lss_6mts,num_lss_12mts,recent_level_of_deliq,tot_enq,CC_enq,CC_enq_L6m,CC_enq_L12m,PL_enq,PL_enq_L6m,PL_enq_L12m,time_since_recent_enq,enq_L12m,enq_L6m,enq_L3m,MARITALSTATUS,EDUCATION,AGE,GENDER,NETMONTHLYINCOME,Time_With_Curr_Empr,pct_of_active_TLs_ever,pct_opened_TLs_L6m_of_L12m,pct_currentBal_all_TL,CC_utilization,CC_Flag,PL_utilization,PL_Flag,pct_PL_enq_L6m_of_L12m,pct_CC_enq_L6m_of_L12m,pct_PL_enq_L6m_of_ever,pct_CC_enq_L6m_of_ever,max_unsec_exposure_inPct,HL_Flag,GL_Flag,last_prod_enq2,first_prod_enq2,Credit_Score,Approved_Flag,Total_TL,Tot_Closed_TL,Tot_Active_TL,Total_TL_opened_L6M,Tot_TL_closed_L6M,pct_tl_open_L6M,pct_tl_closed_L6M,pct_active_tl,pct_closed_tl,Total_TL_opened_L12M,Tot_TL_closed_L12M,pct_tl_open_L12M,pct_tl_closed_L12M,Tot_Missed_Pmnt,Auto_TL,CC_TL,Consumer_TL,Gold_TL,Home_TL,PL_TL,Secured_TL,Unsecured_TL,Other_TL,Age_Oldest_TL,Age_Newest_TL
P3,P2,27183,-99999,-99999,-99999,0,-99999,0,0,0,0,0,0,0,0,0,0,0,0,0,0,0,0,0,0,0,0,0,1,0,0,0,0,0,0,2038,0,0,0,Married,OTHERS,25,M,20000,106,1.0,1.0,1.0,-99999.0,0,-99999.0,0,0.0,0.0,0.0,0.0,-99999.0,0,0,others,others,702,2,1,0,1,1,0,1.0,0.0,1.0,0.0,1,0,1.0,0.0,1,1,0,0,0,0,0,1,0,0,1,1
P3,P2,10943,23,5,4,2,22,22,2,2,0,22,22,0,0,0,0,0,0,0,0,0,0,0,0,0,0,22,2,0,0,0,0,0,0,3,2,1,1,Single,GRADUATE,29,M,33500,71,1.0,0.0,1.207,-99999.0,0,-99999.0,0,0.0,0.0,0.0,0.0,-99999.0,0,0,others,AL,666,2,1,0,1,0,0,0.0,0.0,1.0,0.0,1,0,1.0,0.0,0,1,0,0,0,0,0,1,0,0,7,7
P3,P2,42676,751,31,31,1,11,11,0,0,0,-99999,-99999,0,0,0,0,0,0,0,0,0,0,0,0,0,0,11,2,0,0,0,0,0,0,1010,0,0,0,Married,SSC,32,F,15000,62,0.5,0.0,0.0,-99999.0,0,-99999.0,0,0.0,0.0,0.0,0.0,0.441,0,0,ConsumerLoan,others,668,2,2,1,1,0,0,0.0,0.0,0.5,0.5,0,0,0.0,0.0,0,1,0,1,0,0,0,1,1,0,52,34
P3,P2,7873,-99999,-99999,-99999,0,-99999,0,0,0,0,0,0,0,0,0,0,0,0,0,0,0,0,0,0,0,0,0,1,0,0,0,0,0,0,42,1,1,1,Married,SSC,35,M,30000,250,1.0,1.0,1.0,-99999.0,0,-99999.0,0,0.0,0.0,0.0,0.0,-99999.0,1,0,ConsumerLoan,ConsumerLoan,668,2,1,0,1,1,0,1.0,0.0,1.0,0.0,1,0,1.0,0.0,1,0,0,0,1,0,0,1,0,0,2,2
P3,P1,25334,271,-99999,-99999,0,-99999,0,0,0,0,0,0,0,0,25,5,14,0,0,0,0,0,0,0,0,0,0,1,0,0,0,0,0,0,513,0,0,0,Married,SSC,42,M,23000,110,0.25,0.0,0.414,-99999.0,1,0.414,1,0.0,0.0,0.0,0.0,13.043,1,0,others,others,702,2,4,3,1,0,0,0.0,0.0,0.25,0.75,0,1,0.0,0.25,0,0,1,0,1,0,1,2,2,1,28,16
P3,P1,30669,136,29,6,11,75,28,0,2,2,0,40,5,1,24,5,9,0,0,0,0,0,0,0,0,0,9,4,0,0,0,0,0,0,10,2,2,2,Married,GRADUATE,39,F,30000,47,0.5,1.0,0.911,-99999.0,1,-99999.0,0,0.0,0.0,0.0,0.0,7.147,1,0,ConsumerLoan,HL,702,2,10,5,5,1,1,0.1,0.1,0.5,0.5,1,2,0.1,0.2,1,0,1,1,5,0,0,5,5,3,163,5
P1,P2,39166,67,35,2,5,19,19,1,1,0,7,7,0,0,7,0,0,0,0,0,0,0,0,0,0,0,7,7,0,0,0,3,3,3,171,4,4,0,Married,GRADUATE,35,M,20000,185,0.2,1.0,0.938,-99999.0,0,0.938,1,1.0,0.0,1.0,0.0,10.0,0,0,PL,AL,702,1,5,4,1,1,2,0.2,0.4,0.2,0.8,1,3,0.2,0.6,0,3,0,0,0,0,1,3,2,1,160,6
P3,P2,35163,71,27,17,2,335,31,0,0,0,0,0,2,1,0,0,0,0,0,0,0,0,0,0,0,0,31,2,0,0,0,0,0,0,2320,0,0,0,Married,12TH,54,M,18000,99,0.267,1.0,1.019,-99999.0,0,-99999.0,0,0.0,0.0,0.0,0.0,-99999.0,1,0,others,others,701,2,15,11,4,3,2,0.2,0.133,0.267,0.733,3,3,0.2,0.2,4,1,0,0,11,0,0,15,0,3,98,2
P3,P2,8542,195,-99999,-99999,0,-99999,0,0,0,0,-99999,0,0,0,0,0,0,0,0,0,0,0,0,0,0,0,0,3,0,0,0,0,0,0,5,1,1,1,Married,SSC,31,F,13600,65,0.0,0.0,0.0,-99999.0,0,-99999.0,0,0.0,0.0,0.0,0.0,-99999.0,0,0,ConsumerLoan,others,667,2,1,1,0,0,0,0.0,0.0,0.0,1.0,0,1,0.0,1.0,0,0,0,1,0,0,0,0,1,0,13,13
P3,P2,14241,114,5,5,1,9,9,1,1,0,9,9,0,0,8,0,1,0,0,0,0,0,0,0,0,0,9,2,0,0,0,0,0,0,106,1,1,0,Single,SSC,23,F,25000,36,0.5,0.0,0.891,-99999.0,0,-99999.0,0,0.0,0.0,0.0,0.0,-99999.0,1,0,others,ConsumerLoan,667,2,2,1,1,0,0,0.0,0.0,0.5,0.5,1,1,0.5,0.5,0,1,0,0,1,0,0,2,0,0,19,7
P2,P3,12557,71,-99999,-99999,0,-99999,0,0,0,0,0,0,0,0,0,0,0,0,0,0,0,0,0,0,0,0,0,25,6,3,3,10,0,5,42,14,6,4,Married,OTHERS,28,M,20000,125,0.353,0.273,0.328,-99999.0,0,0.695,1,0.0,1.0,0.0,0.5,10.297,1,0,ConsumerLoan,PL,669,0,34,22,12,3,1,0.088,0.029,0.353,0.647,11,5,0.324,0.147,1,0,0,8,17,0,1,17,17,8,35,2
P2,P3,22482,53,20,20,1,20,20,0,0,0,-99999,-99999,0,0,14,8,14,0,0,0,0,0,0,0,0,0,20,4,0,0,0,0,0,0,45,2,1,1,Married,SSC,52,M,40000,124,0.667,0.0,0.417,-99999.0,0,-99999.0,0,0.0,0.0,0.0,0.0,0.5,0,0,ConsumerLoan,others,669,0,3,1,2,0,0,0.0,0.0,0.667,0.333,2,0,0.667,0.0,0,1,0,0,0,0,0,2,1,2,26,7
P2,P3,5553,387,-99999,-99999,0,-99999,0,0,0,0,-99999,-99999,0,0,12,5,11,0,0,0,0,0,0,0,0,0,0,2,0,0,0,0,0,0,16,2,2,2,Single,12TH,27,M,22000,125,0.333,0.0,0.649,-99999.0,0,-99999.0,0,0.0,0.0,0.0,0.0,1.136,0,0,ConsumerLoan,ConsumerLoan,669,0,3,2,1,0,0,0.0,0.0,0.333,0.667,0,0,0.0,0.0,0,0,0,0,0,0,0,2,1,3,13,13
P3,P1,33608,97,-99999,-99999,0,-99999,0,0,0,0,0,0,0,0,18,5,9,0,0,0,0,0,0,0,0,0,0,2,0,0,0,0,0,0,282,1,0,0,Married,UNDER GRADUATE,40,F,60000,116,0.75,0.0,0.874,-99999.0,0,-99999.0,0,0.0,0.0,0.0,0.0,-99999.0,0,0,others,others,702,2,4,1,3,0,0,0.0,0.0,0.75,0.25,1,0,0.25,0.0,0,1,0,0,0,0,0,4,0,3,39,9
P3,P2,20769,147,12,10,3,54,11,0,2,2,0,23,1,0,0,0,0,0,0,0,0,0,0,0,0,0,11,5,0,0,0,0,0,0,5,2,2,2,Married,SSC,44,F,20000,80,0.5,0.0,0.019,-99999.0,0,-99999.0,0,0.0,0.0,0.0,0.0,3.85,1,0,ConsumerLoan,others,667,2,4,2,2,0,0,0.0,0.0,0.5,0.5,1,2,0.25,0.5,0,0,0,2,2,0,0,2,2,0,23,11
P3,P2,15808,33,-99999,-99999,0,-99999,0,0,0,0,0,0,0,0,0,0,0,0,0,0,0,0,0,0,0,0,0,5,0,0,0,0,0,0,4,2,2,1,Married,SSC,45,F,20000,53,0.5,0.0,0.76,-99999.0,0,-99999.0,0,0.0,0.0,0.0,0.0,-99999.0,0,0,others,ConsumerLoan,667,2,2,1,1,0,1,0.0,0.5,0.5,0.5,0,1,0.0,0.5,0,1,0,1,0,0,0,1,1,0,13,12
P3,P2,50986,82,-99999,-99999,0,-99999,0,0,0,0,0,0,0,0,0,0,0,0,0,0,0,0,0,0,0,0,0,5,0,0,0,1,0,1,66,4,1,1,Married,GRADUATE,35,M,38000,140,1.0,0.5,0.914,-99999.0,0,0.975,1,0.0,0.0,0.0,0.0,9.233,0,0,others,others,667,2,3,0,3,1,0,0.333,0.0,1.0,0.0,2,0,0.667,0.0,1,0,0,1,0,0,2,0,3,0,14,2
P3,P2,13549,49,-99999,-99999,0,-99999,0,0,0,0,0,0,0,0,0,0,0,0,0,0,0,0,0,0,0,0,0,5,0,0,0,0,0,0,80,4,4,4,Single,UNDER GRADUATE,22,M,14500,18,1.0,1.0,0.687,-99999.0,0,-99999.0,0,0.0,0.0,0.0,0.0,0.225,0,0,ConsumerLoan,others,668,2,2,0,2,1,0,0.5,0.0,1.0,0.0,1,0,0.5,0.0,0,1,0,1,0,0,0,1,1,0,21,3
P3,P2,1136,47,-99999,-99999,0,-99999,0,0,0,0,0,0,0,0,0,0,0,0,0,0,0,0,0,0,0,0,0,4,0,0,0,0,0,0,79,3,3,1,Single,12TH,25,M,25000,77,1.0,1.0,0.904,-99999.0,0,0.44,1,0.0,0.0,0.0,0.0,4.6,0,0,others,others,667,2,3,0,3,2,0,0.667,0.0,1.0,0.0,2,0,0.667,0.0,2,0,0,1,0,0,1,1,2,1,13,2
P3,P2,16771,50,-99999,-99999,0,-99999,0,0,0,0,0,0,0,0,4,4,4,0,0,0,0,0,0,0,0,0,0,10,2,0,1,4,0,3,266,4,0,0,Single,GRADUATE,28,M,16239,40,0.625,0.0,0.939,0.0,1,0.917,1,0.0,0.0,0.0,0.0,18.686,0,1,CC,ConsumerLoan,701,2,8,3,5,0,1,0.0,0.125,0.625,0.375,2,1,0.25,0.125,0,0,2,4,0,1,1,1,7,0,42,9
P1,P2,50076,596,-99999,-99999,0,-99999,0,0,0,0,-99999,-99999,0,0,16,0,0,0,0,0,0,0,0,0,0,0,0,-99999,-99999,-99999,-99999,-99999,-99999,-99999,-99999,-99999,-99999,-99999,Married,12TH,43,M,40000,126,0.0,0.0,0.0,-99999.0,0,-99999.0,0,0.0,0.0,0.0,0.0,-99999.0,0,0,others,others,701,1,2,2,0,0,0,0.0,0.0,0.0,1.0,0,0,0.0,0.0,0,0,0,0,0,0,0,2,0,2,70,36
P3,P2,20045,155,13,6,3,25,25,0,1,1,0,7,0,0,20,3,3,0,0,0,0,0,0,0,0,0,7,5,0,0,0,0,0,0,995,0,0,0,Married,GRADUATE,54,M,13000,38,0.8,0.0,0.05,-99999.0,0,-99999.0,0,0.0,0.0,0.0,0.0,-99999.0,0,0,others,AL,701,2,5,1,4,0,0,0.0,0.0,0.8,0.2,0,0,0.0,0.0,1,3,0,0,0,0,0,5,0,2,102,13
P3,P2,29366,28,12,12,1,5,5,0,0,0,0,0,0,0,0,0,0,0,0,0,0,0,0,0,0,0,5,1,0,0,0,0,0,0,917,0,0,0,Married,GRADUATE,29,M,17000,199,1.0,0.0,0.324,-99999.0,0,-99999.0,0,0.0,0.0,0.0,0.0,-99999.0,0,0,others,others,668,2,1,0,1,0,0,0.0,0.0,1.0,0.0,0,0,0.0,0.0,0,1,0,0,0,0,0,1,0,0,30,30
P2,P3,20168,44,23,3,12,58,31,2,5,3,31,58,6,0,0,0,0,0,0,0,0,0,0,0,0,0,31,26,0,0,0,0,0,0,6,11,8,8,Married,SSC,56,M,68000,146,0.5,0.0,0.825,0.0,1,-99999.0,0,0.0,0.0,0.0,0.0,33.145,0,0,ConsumerLoan,others,669,0,18,9,9,0,0,0.0,0.0,0.5,0.5,3,0,0.167,0.0,0,4,1,6,0,0,0,8,10,7,166,7
P3,P2,5648,756,-99999,-99999,0,-99999,0,0,0,0,0,0,0,0,0,0,0,0,0,0,0,0,0,0,0,0,0,6,0,0,0,0,0,0,1032,0,0,0,Married,12TH,48,F,15000,155,0.0,0.0,0.0,-99999.0,0,-99999.0,0,0.0,0.0,0.0,0.0,-99999.0,0,0,others,ConsumerLoan,701,2,4,4,0,0,0,0.0,0.0,0.0,1.0,0,1,0.0,0.25,0,0,0,4,0,0,0,0,4,0,53,36
P3,P1,29412,112,35,23,14,900,548,0,0,0,0,0,13,13,24,0,5,0,0,0,0,0,0,0,0,0,548,7,0,0,0,2,0,2,143,3,1,0,Married,12TH,39,M,22000,123,0.4,0.0,0.726,-99999.0,0,-99999.0,0,0.0,0.0,0.0,0.0,1.591,0,0,ConsumerLoan,others,702,2,5,3,2,0,0,0.0,0.0,0.4,0.6,1,1,0.2,0.2,1,3,0,1,0,0,0,4,1,1,143,10
P2,P3,36490,90,35,2,18,91,91,4,8,4,91,91,5,3,0,0,0,0,0,0,0,0,0,0,0,0,91,4,0,0,0,0,0,0,95,1,1,0,Married,12TH,27,M,45000,106,0.333,0.0,0.049,-99999.0,0,-99999.0,0,0.0,0.0,0.0,0.0,0.731,0,0,ConsumerLoan,others,669,0,3,2,1,0,1,0.0,0.333,0.333,0.667,0,2,0.0,0.667,0,1,0,2,0,0,0,1,2,0,47,37
P3,P2,44519,352,32,8,17,202,16,0,4,4,-99999,106,14,12,0,0,0,0,0,0,0,0,0,0,0,0,16,1,0,0,0,0,0,0,1024,0,0,0,Married,GRADUATE,35,M,30000,134,0.0,0.0,0.0,-99999.0,0,-99999.0,0,0.0,0.0,0.0,0.0,-99999.0,0,0,AL,AL,668,2,1,1,0,0,0,0.0,0.0,0.0,1.0,0,1,0.0,1.0,0,1,0,0,0,0,0,1,0,0,34,34
P3,P2,30175,91,-99999,-99999,0,-99999,0,0,0,0,0,0,0,0,143,3,15,0,0,0,0,0,0,0,0,0,0,4,0,0,0,0,0,0,22,2,2,2,Married,GRADUATE,41,M,12500,80,0.059,0.0,0.845,-99999.0,0,-99999.0,0,0.0,0.0,0.0,0.0,-99999.0,1,1,AL,HL,701,2,51,48,3,0,3,0.0,0.059,0.059,0.941,0,4,0.0,0.078,2,2,0,0,21,1,0,49,2,27,123,14
P3,P2,33224,78,-99999,-99999,0,-99999,0,0,0,0,0,0,0,0,0,0,0,0,0,0,0,0,0,0,0,0,0,5,1,1,1,0,0,0,67,4,1,1,Married,OTHERS,35,M,15000,61,1.0,0.0,0.754,-99999.0,0,-99999.0,0,0.0,1.0,0.0,1.0,-99999.0,0,0,CC,others,668,2,2,0,2,0,0,0.0,0.0,1.0,0.0,1,0,0.5,0.0,0,0,0,0,0,0,0,2,0,2,21,10
P2,P3,48299,46,-99999,-99999,0,-99999,0,0,0,0,0,0,0,0,1,1,1,0,0,0,0,0,0,0,0,0,0,2,0,0,0,2,2,2,61,2,2,2,Single,SSC,32,M,30000,116,0.0,0.5,0.0,-99999.0,0,-99999.0,1,1.0,0.0,1.0,0.0,-99999.0,1,0,PL,PL,669,0,2,2,0,1,2,0.5,1.0,0.0,1.0,2,2,1.0,1.0,0,0,0,0,1,0,1,1,1,0,8,2
P3,P2,12398,37,-99999,-99999,0,-99999,0,0,0,0,0,0,0,0,6,0,0,0,0,0,0,0,0,0,0,0,0,6,5,2,2,1,1,1,133,3,3,0,Single,GRADUATE,24,M,32000,42,0.8,1.0,0.002,0.009,1,-99999.0,0,1.0,1.0,1.0,0.4,2.243,0,0,PL,CC,701,2,5,1,4,2,0,0.4,0.0,0.8,0.2,2,0,0.4,0.0,0,0,3,1,0,0,0,0,5,1,87,5
P3,P2,42921,-99999,-99999,-99999,0,-99999,0,0,0,0,0,0,0,0,0,0,0,0,0,0,0,0,0,0,0,0,0,2,0,0,0,0,0,0,26,2,2,1,Married,SSC,29,M,18000,101,1.0,0.0,0.841,-99999.0,0,-99999.0,0,0.0,0.0,0.0,0.0,-99999.0,0,0,others,ConsumerLoan,667,2,1,0,1,0,0,0.0,0.0,1.0,0.0,1,0,1.0,0.0,1,1,0,0,0,0,0,1,0,0,7,7
P3,P2,32849,84,30,30,1,30,30,0,0,0,0,0,0,0,40,9,16,0,0,0,0,0,0,0,0,0,30,5,0,0,0,0,0,0,2,1,1,1,Married,SSC,57,M,25000,359,0.333,0.5,0.543,-99999.0,0,0.599,1,0.0,0.0,0.0,0.0,8.0,0,0,ConsumerLoan,others,701,2,9,6,3,1,0,0.111,0.0,0.333,0.667,2,0,0.222,0.0,2,3,0,0,0,0,1,6,3,5,131,6
P3,P2,17670,89,-99999,-99999,0,-99999,0,0,0,0,0,0,0,0,0,0,0,0,0,0,0,0,0,0,0,0,0,4,0,0,0,1,1,1,78,2,2,1,Married,OTHERS,28,M,20000,59,1.0,0.5,0.383,-99999.0,0,-99999.0,0,1.0,0.0,1.0,0.0,2.35,0,0,PL,others,668,2,3,0,3,1,0,0.333,0.0,1.0,0.0,2,0,0.667,0.0,0,0,0,3,0,0,0,0,3,0,13,5
P3,P2,41738,89,-99999,-99999,0,-99999,0,0,0,0,0,0,0,0,0,0,0,0,0,0,0,0,0,0,0,0,0,2,0,0,0,2,1,2,14,2,1,1,Married,SSC,50,F,30000,65,1.0,0.0,0.333,-99999.0,0,-99999.0,0,0.5,0.0,0.5,0.0,0.55,0,0,PL,PL,667,2,1,0,1,0,0,0.0,0.0,1.0,0.0,1,0,1.0,0.0,0,0,0,1,0,0,0,0,1,0,9,9
P3,P1,33952,52,-99999,-99999,0,-99999,0,0,0,0,0,0,0,0,25,0,6,0,0,0,0,0,0,0,0,0,0,11,0,0,0,2,0,0,50,3,1,1,Married,UNDER GRADUATE,41,M,25000,66,0.667,0.5,1.004,-99999.0,0,-99999.0,1,0.0,0.0,0.0,0.0,-99999.0,0,1,others,HL,702,2,6,2,4,2,2,0.333,0.333,0.667,0.333,4,2,0.667,0.333,0,0,0,0,0,3,1,5,1,2,59,5
P3,P2,41998,85,-99999,-99999,0,-99999,0,0,0,0,0,0,0,0,0,0,0,0,0,0,0,0,0,0,0,0,0,6,0,0,0,4,4,4,14,6,4,2,Married,12TH,33,F,18000,78,1.0,0.0,0.286,-99999.0,0,-99999.0,0,1.0,0.0,1.0,0.0,2.522,0,0,PL,ConsumerLoan,668,2,2,0,2,0,0,0.0,0.0,1.0,0.0,2,0,1.0,0.0,0,0,0,2,0,0,0,0,2,0,8,7
P3,P2,27560,28,28,22,8,31,30,0,0,0,0,0,1,0,38,9,15,0,0,0,0,0,0,0,0,0,30,8,4,0,1,1,1,1,80,3,1,1,Married,GRADUATE,55,M,82300,309,0.562,0.4,0.682,0.384,1,-99999.0,0,1.0,0.0,1.0,0.0,2.239,0,1,PL,HL,701,2,16,7,9,2,0,0.125,0.0,0.562,0.438,5,0,0.312,0.0,1,4,4,3,0,4,0,9,7,1,152,2
P2,P3,43236,-99999,-99999,-99999,0,-99999,0,0,0,0,-99999,-99999,0,0,2,2,2,0,0,0,0,0,0,0,0,0,0,1,0,0,0,1,1,1,88,1,1,1,Married,UNDER GRADUATE,37,M,19800,141,1.0,1.0,1.008,-99999.0,0,-99999.0,0,1.0,0.0,1.0,0.0,-99999.0,1,0,PL,PL,669,0,1,0,1,1,0,1.0,0.0,1.0,0.0,1,0,1.0,0.0,1,0,0,0,1,0,0,1,0,0,3,3
P3,P2,36919,-99999,-99999,-99999,0,-99999,0,0,0,0,0,0,0,0,0,0,0,0,0,0,0,0,0,0,0,0,0,1,0,0,0,0,0,0,86,1,1,1,Married,12TH,38,M,20000,148,1.0,1.0,1.18,-99999.0,0,-99999.0,0,0.0,0.0,0.0,0.0,-99999.0,0,0,others,others,668,2,1,0,1,1,0,1.0,0.0,1.0,0.0,1,0,1.0,0.0,1,0,0,0,0,0,0,1,0,1,2,2
P2,P3,4995,200,29,29,1,29,29,0,0,0,-99999,-99999,0,0,33,0,6,0,0,0,0,0,0,0,0,0,29,1,0,0,0,0,0,0,1166,0,0,0,Married,12TH,36,M,20000,78,0.0,0.0,0.0,-99999.0,0,-99999.0,0,0.0,0.0,0.0,0.0,-99999.0,0,0,others,others,670,0,2,2,0,0,0,0.0,0.0,0.0,1.0,0,1,0.0,0.5,0,1,0,0,0,0,0,2,0,1,64,38
P3,P2,31623,44,-99999,-99999,0,-99999,0,0,0,0,0,0,0,0,0,0,0,0,0,0,0,0,0,0,0,0,0,6,0,0,0,0,0,0,4,4,2,2,Married,GRADUATE,27,M,20000,70,0.5,0.5,0.513,-99999.0,0,-99999.0,0,0.0,0.0,0.0,0.0,0.51,0,0,others,ConsumerLoan,667,2,2,1,1,1,1,0.5,0.5,0.5,0.5,2,1,1.0,0.5,0,0,0,2,0,0,0,0,2,0,9,4
P3,P2,49213,93,22,5,4,30,30,1,1,0,17,17,0,0,4,0,2,0,0,0,0,0,0,0,0,0,17,5,0,0,0,0,0,0,21,2,2,1,Married,SSC,25,M,15000,90,0.75,0.0,0.808,-99999.0,0,-99999.0,0,0.0,0.0,0.0,0.0,-99999.0,1,0,ConsumerLoan,others,668,2,4,1,3,0,0,0.0,0.0,0.75,0.25,1,1,0.25,0.25,1,0,0,0,3,0,0,4,0,1,30,10
P3,P1,34551,61,3,3,1,30,30,1,1,0,30,30,0,0,23,5,8,0,0,0,0,0,0,0,0,0,30,3,0,0,0,0,0,0,187,1,0,0,Married,GRADUATE,31,M,60000,77,0.733,0.333,0.337,0.935,1,-99999.0,0,0.0,0.0,0.0,0.0,5.861,0,0,others,ConsumerLoan,701,2,15,4,11,2,1,0.133,0.067,0.733,0.267,6,2,0.4,0.133,1,0,1,4,0,0,0,0,15,10,52,3
P2,P3,40595,54,-99999,-99999,0,-99999,0,0,0,0,0,0,0,0,16,5,11,0,0,0,0,0,0,0,0,0,0,12,1,0,1,3,2,3,4,9,6,3,Single,POST-GRADUATE,24,M,40000,62,0.833,0.75,0.532,-99999.0,0,1.0,1,0.667,0.0,0.667,0.0,1.265,0,0,ConsumerLoan,others,670,0,6,1,5,3,1,0.5,0.167,0.833,0.167,4,1,0.667,0.167,0,1,0,4,0,0,1,1,5,0,17,4
P3,P2,50272,68,-99999,-99999,0,-99999,0,0,0,0,0,0,0,0,0,0,0,0,0,0,0,0,0,0,0,0,0,7,0,0,0,2,0,2,12,6,1,1,Married,SSC,28,M,19000,77,0.5,0.0,0.519,-99999.0,0,-99999.0,0,0.0,0.0,0.0,0.0,0.632,0,0,others,others,667,2,2,1,1,0,1,0.0,0.5,0.5,0.5,2,1,1.0,0.5,0,0,0,2,0,0,0,0,2,0,11,7
P3,P2,7115,1518,-99999,-99999,0,-99999,0,0,0,0,0,0,0,0,41,6,12,0,0,0,0,0,0,0,0,0,0,3,0,0,0,0,0,0,2,1,1,1,Married,12TH,49,M,25000,120,1.0,1.0,0.936,-99999.0,0,-99999.0,0,0.0,0.0,0.0,0.0,2.184,0,0,ConsumerLoan,others,701,2,5,0,5,1,0,0.2,0.0,1.0,0.0,1,0,0.2,0.0,4,0,0,0,0,0,0,4,1,5,51,2
P3,P2,2138,687,32,23,3,26,26,0,0,0,0,0,0,0,0,0,0,0,0,0,0,0,0,0,0,0,26,3,0,0,0,0,0,0,1076,0,0,0,Single,UNDER GRADUATE,26,M,27000,61,1.0,0.0,0.0,-99999.0,0,-99999.0,0,0.0,0.0,0.0,0.0,2.222,0,0,ConsumerLoan,ConsumerLoan,668,2,2,0,2,0,0,0.0,0.0,1.0,0.0,0,0,0.0,0.0,0,0,0,1,0,0,0,0,2,1,55,38
P3,P1,36283,186,-99999,-99999,0,-99999,0,0,0,0,-99999,0,0,0,16,8,16,0,0,0,0,0,0,0,0,0,0,-99999,-99999,-99999,-99999,-99999,-99999,-99999,-99999,-99999,-99999,-99999,Single,GRADUATE,23,M,20000,48,0.5,0.0,1.019,-99999.0,0,-99999.0,0,0.0,0.0,0.0,0.0,-99999.0,1,0,others,others,702,2,8,4,4,0,0,0.0,0.0,0.5,0.5,8,4,1.0,0.5,2,0,0,0,8,0,0,8,0,0,10,6
P2,P3,49970,295,27,27,1,13,13,0,0,0,-99999,-99999,0,0,35,4,11,0,0,0,0,0,0,0,0,0,13,-99999,-99999,-99999,-99999,-99999,-99999,-99999,-99999,-99999,-99999,-99999,Single,12TH,31,M,17000,118,0.571,0.0,1.0,-99999.0,0,-99999.0,0,0.0,0.0,0.0,0.0,-99999.0,1,0,others,others,669,0,7,3,4,0,0,0.0,0.0,0.571,0.429,1,0,0.143,0.0,1,0,0,0,6,0,0,6,1,1,49,10
P1,P2,41553,40,-99999,-99999,0,-99999,0,0,0,0,0,0,0,0,0,0,0,0,0,0,0,0,0,0,0,0,0,7,1,0,0,2,0,0,424,0,0,0,Married,SSC,35,M,20000,190,0.4,0.0,0.635,0.594,1,-99999.0,0,0.0,0.0,0.0,0.0,3.138,0,0,PL,others,701,1,5,3,2,0,0,0.0,0.0,0.4,0.6,0,2,0.0,0.4,0,1,1,1,0,0,0,2,3,2,59,15
P3,P2,46613,88,-99999,-99999,0,-99999,0,0,0,0,0,0,0,0,0,0,0,0,0,0,0,0,0,0,0,0,0,3,0,0,0,1,1,1,7,3,2,2,Married,GRADUATE,21,M,48000,68,1.0,0.5,0.68,-99999.0,0,-99999.0,0,1.0,0.0,1.0,0.0,0.91,0,0,PL,others,668,2,2,0,2,1,0,0.5,0.0,1.0,0.0,2,0,1.0,0.0,0,0,0,1,0,0,0,0,2,1,7,4
P3,P2,51274,87,-99999,-99999,0,-99999,0,0,0,0,0,0,0,0,0,0,0,0,0,0,0,0,0,0,0,0,0,3,0,0,0,0,0,0,1,2,2,2,Married,12TH,26,M,11000,78,0.0,0.0,0.0,-99999.0,0,-99999.0,0,0.0,0.0,0.0,0.0,-99999.0,0,0,others,others,668,2,1,1,0,0,1,0.0,1.0,0.0,1.0,0,1,0.0,1.0,0,1,0,0,0,0,0,1,0,0,27,27
P3,P2,14368,67,-99999,-99999,0,-99999,0,0,0,0,0,0,0,0,0,0,0,0,0,0,0,0,0,0,0,0,0,2,0,0,0,1,0,1,2,2,1,1,Married,SSC,44,F,16000,143,1.0,0.0,0.249,-99999.0,0,-99999.0,0,0.0,0.0,0.0,0.0,1.044,0,0,ConsumerLoan,PL,667,2,1,0,1,0,0,0.0,0.0,1.0,0.0,1,0,1.0,0.0,0,0,0,1,0,0,0,0,1,0,9,9
P2,P3,6568,396,32,26,5,46,22,0,0,0,0,0,1,0,134,3,15,0,0,0,0,0,0,0,0,0,15,7,1,0,0,0,0,0,4,2,2,2,Married,GRADUATE,43,F,40000,38,0.091,0.0,0.874,-99999.0,0,-99999.0,0,0.0,0.0,0.0,0.0,-99999.0,1,0,ConsumerLoan,others,673,0,44,40,4,0,0,0.0,0.0,0.091,0.909,0,0,0.0,0.0,1,0,0,1,35,0,0,35,9,8,90,13
P3,P1,19794,57,-99999,-99999,0,-99999,0,0,0,0,0,0,0,0,14,4,10,0,0,0,0,0,0,0,0,0,0,5,1,0,0,0,0,0,434,0,0,0,Single,SSC,25,M,38000,185,1.0,0.0,0.524,0.015,1,-99999.0,0,0.0,0.0,0.0,0.0,0.733,0,0,others,CC,702,2,3,0,3,0,0,0.0,0.0,1.0,0.0,0,0,0.0,0.0,1,2,1,0,0,0,0,2,1,0,35,14
P3,P2,40777,58,-99999,-99999,0,-99999,0,0,0,0,0,0,0,0,0,0,0,0,0,0,0,0,0,0,0,0,0,1,0,0,0,0,0,0,1,1,1,1,Married,12TH,32,M,42000,81,1.0,1.0,0.948,-99999.0,0,-99999.0,0,0.0,0.0,0.0,0.0,-99999.0,0,0,others,others,668,2,1,0,1,1,0,1.0,0.0,1.0,0.0,1,0,1.0,0.0,0,1,0,0,0,0,0,1,0,0,4,4
P3,P2,39728,71,16,16,1,29,29,0,0,0,0,0,0,0,0,0,0,0,0,0,0,0,0,0,0,0,29,3,0,0,0,0,0,0,829,0,0,0,Married,GRADUATE,27,M,25000,94,0.0,0.0,0.0,-99999.0,0,-99999.0,0,0.0,0.0,0.0,0.0,-99999.0,0,0,others,others,668,2,1,1,0,0,1,0.0,1.0,0.0,1.0,0,1,0.0,1.0,0,1,0,0,0,0,0,1,0,0,27,27
P3,P2,5221,46,-99999,-99999,0,-99999,0,0,0,0,0,0,0,0,0,0,0,0,0,0,0,0,0,0,0,0,0,5,0,0,0,0,0,0,2,5,2,2,Married,12TH,45,M,16000,66,1.0,0.0,0.0,-99999.0,0,-99999.0,0,0.0,0.0,0.0,0.0,2.5,0,0,ConsumerLoan,ConsumerLoan,667,2,1,0,1,0,0,0.0,0.0,1.0,0.0,1,0,1.0,0.0,0,0,0,0,0,0,0,0,1,1,10,10
P2,P3,45792,42,26,21,6,608,456,0,0,0,0,0,6,6,0,0,0,0,0,0,0,0,0,0,0,0,456,6,0,0,0,0,0,0,8,2,2,2,Single,12TH,35,M,18000,186,0.667,1.0,0.714,-99999.0,0,-99999.0,0,0.0,0.0,0.0,0.0,-99999.0,0,0,ConsumerLoan,AL,669,0,3,1,2,1,0,0.333,0.0,0.667,0.333,1,0,0.333,0.0,1,3,0,0,0,0,0,3,0,0,61,3
P3,P1,29213,53,-99999,-99999,0,-99999,0,0,0,0,0,0,0,0,0,0,0,0,0,0,0,0,0,0,0,0,0,5,0,0,0,1,0,1,109,4,1,0,Married,UNDER GRADUATE,36,M,25000,130,0.588,0.455,0.939,-99999.0,0,-99999.0,0,0.0,0.0,0.0,0.0,1.968,1,0,others,others,702,2,17,7,10,5,1,0.294,0.059,0.588,0.412,11,3,0.647,0.176,8,0,0,4,12,0,0,12,5,1,62,2
P1,P2,39834,548,-99999,-99999,0,-99999,0,0,0,0,-99999,-99999,0,0,17,4,10,0,0,0,0,0,0,0,0,0,0,2,0,0,0,2,0,0,574,0,0,0,Married,SSC,28,F,25000,69,1.0,0.0,0.79,-99999.0,0,0.79,1,0.0,0.0,0.0,0.0,9.0,0,0,PL,PL,701,1,1,0,1,0,0,0.0,0.0,1.0,0.0,0,0,0.0,0.0,0,0,0,0,0,0,1,0,1,0,18,18
P2,P3,20694,45,17,16,2,61,31,0,0,0,0,0,2,1,30,3,9,0,0,0,0,0,0,0,0,0,31,1,0,0,0,0,0,0,2,1,1,1,Single,UNDER GRADUATE,23,M,10000,29,1.0,0.0,1.035,-99999.0,0,-99999.0,0,0.0,0.0,0.0,0.0,9.0,0,0,ConsumerLoan,ConsumerLoan,670,0,2,0,2,0,0,0.0,0.0,1.0,0.0,1,0,0.5,0.0,1,1,0,0,0,0,0,1,1,1,52,7
P1,P2,45055,2554,-99999,-99999,0,-99999,0,0,0,0,-99999,-99999,0,0,0,0,0,0,0,0,0,0,0,0,0,0,0,1,0,0,0,0,0,0,2837,0,0,0,Married,SSC,33,F,19000,142,0.0,0.0,0.0,-99999.0,0,-99999.0,0,0.0,0.0,0.0,0.0,-99999.0,0,0,ConsumerLoan,ConsumerLoan,702,1,2,2,0,0,0,0.0,0.0,0.0,1.0,0,0,0.0,0.0,0,0,0,2,0,0,0,0,2,0,112,94
P2,P3,50547,43,35,20,9,194,17,0,0,0,0,0,7,5,25,5,14,0,0,0,0,0,0,0,0,0,17,8,1,0,1,0,0,0,27,7,1,1,Married,UNDER GRADUATE,37,M,60000,144,0.176,0.0,0.812,-99999.0,0,-99999.0,0,0.0,0.0,0.0,0.0,0.531,1,0,ConsumerLoan,ConsumerLoan,670,0,17,14,3,0,0,0.0,0.0,0.176,0.824,3,3,0.176,0.176,1,1,0,1,9,0,0,13,4,6,64,8
P3,P2,29279,89,-99999,-99999,0,-99999,0,0,0,0,0,0,0,0,0,0,0,0,0,0,0,0,0,0,0,0,0,2,0,0,0,0,0,0,81,2,1,1,Single,GRADUATE,30,M,20000,71,1.0,0.333,0.555,-99999.0,0,-99999.0,0,0.0,0.0,0.0,0.0,2.224,0,0,others,others,668,2,3,0,3,1,0,0.333,0.0,1.0,0.0,3,0,1.0,0.0,2,0,0,2,0,0,0,0,3,1,9,3
P2,P3,49976,95,-99999,-99999,0,-99999,0,0,0,0,0,0,0,0,0,0,0,0,0,0,0,0,0,0,0,0,0,4,0,0,0,1,1,1,1,4,4,2,Married,GRADUATE,36,F,60000,38,1.0,1.0,0.75,-99999.0,0,-99999.0,0,1.0,0.0,1.0,0.0,0.195,0,0,ConsumerLoan,others,669,0,1,0,1,1,0,1.0,0.0,1.0,0.0,1,0,1.0,0.0,0,0,0,1,0,0,0,0,1,0,6,6
P3,P2,21751,342,17,17,1,27,27,0,0,0,-99999,0,0,0,0,0,0,0,0,0,0,0,0,0,0,0,27,-99999,-99999,-99999,-99999,-99999,-99999,-99999,-99999,-99999,-99999,-99999,Single,12TH,22,M,21000,90,0.0,0.0,0.0,-99999.0,0,-99999.0,0,0.0,0.0,0.0,0.0,-99999.0,0,0,others,others,668,2,1,1,0,0,0,0.0,0.0,0.0,1.0,0,1,0.0,1.0,0,0,0,1,0,0,0,0,1,0,19,19
P2,P3,40373,418,18,2,12,362,362,1,5,4,362,362,10,8,38,8,22,0,0,0,0,0,0,0,0,0,362,1,0,0,0,0,0,0,1,1,1,1,Married,SSC,33,M,24000,54,0.4,1.0,1.057,-99999.0,0,-99999.0,0,0.0,0.0,0.0,0.0,-99999.0,1,0,ConsumerLoan,ConsumerLoan,673,0,10,6,4,2,1,0.2,0.1,0.4,0.6,2,1,0.2,0.1,3,1,0,0,9,0,0,10,0,0,84,4
P3,P2,1692,4,-99999,-99999,0,-99999,0,0,0,0,0,0,0,0,0,0,0,0,0,0,0,0,0,0,0,0,0,5,0,0,0,0,0,0,32,5,1,1,Married,12TH,29,M,15000,69,0.5,0.5,1.0,-99999.0,0,-99999.0,0,0.0,0.0,0.0,0.0,0.8,0,0,ConsumerLoan,others,668,2,2,1,1,1,1,0.5,0.5,0.5,0.5,2,1,1.0,0.5,1,0,0,2,0,0,0,0,2,0,6,1
P3,P2,31019,107,-99999,-99999,0,-99999,0,0,0,0,0,0,0,0,0,0,0,0,0,0,0,0,0,0,0,0,0,2,0,0,0,0,0,0,12,2,1,1,Married,12TH,37,M,13000,282,1.0,0.0,0.872,-99999.0,0,-99999.0,0,0.0,0.0,0.0,0.0,-99999.0,0,0,ConsumerLoan,others,668,2,1,0,1,0,0,0.0,0.0,1.0,0.0,1,0,1.0,0.0,0,1,0,0,0,0,0,1,0,0,7,7
P3,P2,49221,58,35,25,9,156,25,0,0,0,0,0,6,5,0,0,0,0,0,0,0,0,0,0,0,0,3,4,1,0,1,0,0,0,270,1,0,0,Married,12TH,29,M,21000,186,0.375,0.0,0.288,-99999.0,0,-99999.0,0,0.0,0.0,0.0,0.0,1.959,1,0,CC,others,668,2,8,5,3,0,0,0.0,0.0,0.375,0.625,0,0,0.0,0.0,0,1,0,2,5,0,0,6,2,0,56,13
P1,P2,49690,41,-99999,-99999,0,-99999,0,0,0,0,0,0,0,0,70,10,22,0,0,0,0,0,0,0,0,0,0,3,1,1,1,0,0,0,160,1,1,0,Married,UNDER GRADUATE,53,M,22000,125,0.75,1.0,0.794,-99999.0,1,-99999.0,0,0.0,1.0,0.0,1.0,0.0,0,1,CC,HL,701,1,4,1,3,1,0,0.25,0.0,0.75,0.25,1,0,0.25,0.0,0,0,1,1,0,2,0,2,2,0,47,5
P1,P2,49490,39,-99999,-99999,0,-99999,0,0,0,0,-99999,-99999,0,0,31,13,23,0,0,0,0,0,0,0,0,0,0,-99999,-99999,-99999,-99999,-99999,-99999,-99999,-99999,-99999,-99999,-99999,Single,12TH,26,M,14000,53,0.75,0.5,0.531,-99999.0,0,-99999.0,0,0.0,0.0,0.0,0.0,-99999.0,1,0,others,others,701,1,4,1,3,1,0,0.25,0.0,0.75,0.25,2,0,0.5,0.0,0,0,0,0,3,0,0,4,0,1,21,1
P2,P3,46712,65,13,2,4,54,24,1,2,1,24,51,3,0,0,0,0,0,0,0,0,0,0,0,0,0,24,4,0,0,0,1,1,1,144,1,1,0,Married,12TH,39,F,28000,26,1.0,1.0,0.654,-99999.0,0,0.89,1,1.0,0.0,1.0,0.0,2.028,0,0,PL,others,669,0,2,0,2,1,0,0.5,0.0,1.0,0.0,1,0,0.5,0.0,0,1,0,0,0,0,1,1,1,0,19,5
P3,P2,18150,86,-99999,-99999,0,-99999,0,0,0,0,0,0,0,0,4,2,4,0,0,0,0,0,0,0,0,0,0,3,0,0,0,2,1,2,58,3,2,1,Married,GRADUATE,21,M,35000,63,1.0,0.0,0.708,-99999.0,0,-99999.0,0,0.5,0.0,0.5,0.0,0.429,0,0,PL,PL,667,2,1,0,1,0,0,0.0,0.0,1.0,0.0,1,0,1.0,0.0,0,0,0,1,0,0,0,0,1,0,7,7
P3,P2,16587,62,-99999,-99999,0,-99999,0,0,0,0,0,0,0,0,0,0,0,0,0,0,0,0,0,0,0,0,0,3,0,0,0,0,0,0,1027,0,0,0,Married,GRADUATE,31,M,20000,68,0.2,0.0,0.4,-99999.0,0,-99999.0,0,0.0,0.0,0.0,0.0,1.1,0,0,ConsumerLoan,others,701,2,5,4,1,0,1,0.0,0.2,0.2,0.8,2,1,0.4,0.2,0,1,0,3,0,0,0,1,4,1,49,8
P3,P2,25295,36,-99999,-99999,0,-99999,0,0,0,0,0,0,0,0,0,0,0,0,0,0,0,0,0,0,0,0,0,3,0,0,0,2,0,0,1009,0,0,0,Single,12TH,28,M,20000,121,0.333,0.0,0.205,-99999.0,0,0.205,1,0.0,0.0,0.0,0.0,3.6,0,0,PL,ConsumerLoan,702,2,3,2,1,0,0,0.0,0.0,0.333,0.667,0,0,0.0,0.0,0,0,0,1,0,0,1,0,3,1,53,34
P3,P2,13171,56,-99999,-99999,0,-99999,0,0,0,0,-99999,0,0,0,12,4,7,0,0,0,0,0,0,0,0,0,0,1,0,0,0,0,0,0,1132,0,0,0,Married,GRADUATE,26,M,20000,26,1.0,0.0,0.511,-99999.0,0,-99999.0,0,0.0,0.0,0.0,0.0,-99999.0,0,0,others,others,702,2,1,0,1,0,0,0.0,0.0,1.0,0.0,0,0,0.0,0.0,0,1,0,0,0,0,0,1,0,0,24,24
P2,P3,9808,1788,-99999,-99999,0,-99999,0,0,0,0,0,0,0,0,0,0,0,0,0,0,0,0,0,0,0,0,0,11,0,0,0,1,1,1,23,7,4,3,Single,GRADUATE,31,M,15000,26,0.5,1.0,1.0,-99999.0,0,-99999.0,0,1.0,0.0,1.0,0.0,0.967,0,0,ConsumerLoan,others,670,0,2,1,1,1,0,0.5,0.0,0.5,0.5,1,0,0.5,0.0,1,1,0,1,0,0,0,1,1,0,86,3
P3,P2,6598,-99999,-99999,-99999,0,-99999,0,0,0,0,-99999,-99999,0,0,0,0,0,0,0,0,0,0,0,0,0,0,0,5,3,2,2,0,0,0,5,4,4,4,Married,UNDER GRADUATE,29,M,45000,60,1.0,0.0,0.0,-99999.0,1,-99999.0,0,0.0,1.0,0.0,0.667,0.0,0,0,ConsumerLoan,CC,668,2,1,0,1,0,0,0.0,0.0,1.0,0.0,0,0,0.0,0.0,0,0,1,0,0,0,0,0,1,0,75,75
P1,P2,40706,115,29,3,8,29,29,2,3,1,29,29,0,0,8,3,8,0,0,0,0,0,0,0,0,0,29,9,0,0,0,3,3,3,2,7,7,5,Married,GRADUATE,51,M,40000,246,0.5,0.5,0.938,-99999.0,0,1.0,1,1.0,0.0,1.0,0.0,4.575,0,0,ConsumerLoan,ConsumerLoan,701,1,4,2,2,1,0,0.25,0.0,0.5,0.5,2,0,0.5,0.0,1,0,0,1,0,0,1,0,4,2,183,2
P3,P2,1231,75,-99999,-99999,0,-99999,0,0,0,0,0,0,0,0,2,0,0,0,0,0,0,0,0,0,0,0,0,8,0,0,0,4,0,1,6,5,2,2,Married,GRADUATE,53,M,72000,306,0.375,0.25,0.871,-99999.0,0,0.886,1,0.0,0.0,0.0,0.0,14.229,0,0,ConsumerLoan,PL,701,2,8,5,3,1,1,0.125,0.125,0.375,0.625,4,2,0.5,0.25,0,0,0,3,0,0,5,0,8,0,113,6
P1,P2,49998,48,-99999,-99999,0,-99999,0,0,0,0,0,0,0,0,25,0,19,0,0,0,0,0,0,0,0,0,0,6,0,0,0,0,0,0,68,4,1,1,Married,GRADUATE,27,M,68000,125,0.312,0.308,0.996,-99999.0,1,-99999.0,0,0.0,0.0,0.0,0.0,0.0,1,0,others,others,701,1,16,11,5,4,0,0.25,0.0,0.312,0.688,13,8,0.812,0.5,3,2,1,0,1,0,0,15,1,12,48,2
P1,P2,49611,98,-99999,-99999,0,-99999,0,0,0,0,-99999,-99999,0,0,49,4,12,0,0,0,0,0,0,0,0,0,0,-99999,-99999,-99999,-99999,-99999,-99999,-99999,-99999,-99999,-99999,-99999,Married,12TH,43,M,15000,89,0.333,1.0,1.0,-99999.0,0,-99999.0,0,0.0,0.0,0.0,0.0,-99999.0,0,0,others,others,702,1,3,2,1,1,1,0.333,0.333,0.333,0.667,1,2,0.333,0.667,0,0,0,0,0,0,0,3,0,3,64,3
P3,P2,29903,622,-99999,-99999,0,-99999,0,0,0,0,0,0,0,0,0,0,0,0,0,0,0,0,0,0,0,0,0,2,0,0,0,0,0,0,10,1,1,1,Married,GRADUATE,40,M,35000,153,0.0,0.0,0.0,-99999.0,0,-99999.0,0,0.0,0.0,0.0,0.0,-99999.0,0,0,others,ConsumerLoan,668,2,1,1,0,0,0,0.0,0.0,0.0,1.0,0,1,0.0,1.0,0,0,0,1,0,0,0,0,1,0,36,36
P2,P3,31714,513,-99999,-99999,0,-99999,0,0,0,0,-99999,-99999,0,0,29,0,5,0,0,0,0,0,0,0,0,0,0,4,0,0,0,1,1,1,9,4,4,3,Married,PROFESSIONAL,27,M,20000,66,0.0,0.0,0.0,-99999.0,0,-99999.0,0,1.0,0.0,1.0,0.0,-99999.0,1,0,PL,others,669,0,3,3,0,0,0,0.0,0.0,0.0,1.0,0,1,0.0,0.333,0,0,0,0,3,0,0,3,0,0,34,17
P3,P2,36602,44,19,8,9,88,26,0,1,1,0,3,4,2,43,7,20,0,0,0,0,0,0,0,0,0,3,3,0,0,0,0,0,0,1,2,2,2,Single,POST-GRADUATE,22,M,17000,52,0.333,0.0,0.886,-99999.0,0,-99999.0,0,0.0,0.0,0.0,0.0,8.824,1,0,ConsumerLoan,others,702,2,6,4,2,0,1,0.0,0.167,0.333,0.667,1,3,0.167,0.5,2,1,0,0,1,0,0,5,1,4,66,9
P1,P2,41935,52,31,5,6,90,90,1,2,1,9,10,2,2,94,0,3,0,0,0,0,0,0,0,0,0,9,8,0,0,0,0,0,0,3,3,2,2,Married,12TH,34,M,33000,145,0.104,0.0,0.535,-99999.0,0,-99999.0,0,0.0,0.0,0.0,0.0,3.761,1,0,ConsumerLoan,others,701,1,48,43,5,0,0,0.0,0.0,0.104,0.896,1,0,0.021,0.0,1,2,0,0,42,0,0,46,2,4,161,12
P3,P2,41699,25,-99999,-99999,0,-99999,0,0,0,0,0,0,0,0,0,0,0,0,0,0,0,0,0,0,0,0,0,3,0,0,0,0,0,0,8,2,1,1,Married,OTHERS,41,M,28000,160,1.0,0.0,0.193,-99999.0,0,-99999.0,0,0.0,0.0,0.0,0.0,0.478,0,0,ConsumerLoan,others,668,2,3,0,3,0,0,0.0,0.0,1.0,0.0,2,0,0.667,0.0,1,1,0,1,0,0,0,1,2,1,21,7
P3,P1,29866,40,-99999,-99999,0,-99999,0,0,0,0,0,0,0,0,1,0,0,0,0,0,0,0,0,0,0,0,0,7,0,0,0,1,0,0,1,3,1,1,Married,12TH,39,M,40000,120,0.727,0.5,0.84,-99999.0,0,-99999.0,0,0.0,0.0,0.0,0.0,1.689,0,0,others,others,702,2,11,3,8,3,3,0.273,0.273,0.727,0.273,6,3,0.545,0.273,2,2,0,5,0,0,0,2,9,4,88,2
P3,P2,1756,123,25,14,6,37,30,0,0,0,0,0,2,0,0,0,0,0,0,0,0,0,0,0,0,0,4,1,0,0,0,0,0,0,660,0,0,0,Single,12TH,25,M,35000,67,0.75,0.0,0.197,-99999.0,0,-99999.0,0,0.0,0.0,0.0,0.0,-99999.0,1,0,others,others,668,2,4,1,3,0,1,0.0,0.25,0.75,0.25,0,1,0.0,0.25,0,2,0,0,2,0,0,4,0,0,28,18
P3,P2,6452,145,-99999,-99999,0,-99999,0,0,0,0,0,0,0,0,0,0,0,0,0,0,0,0,0,0,0,0,0,3,0,0,0,0,0,0,171,1,1,0,Married,12TH,43,M,30000,131,0.5,1.0,1.022,-99999.0,0,-99999.0,0,0.0,0.0,0.0,0.0,-99999.0,0,0,others,others,702,2,2,1,1,1,0,0.5,0.0,0.5,0.5,1,0,0.5,0.0,0,0,0,0,0,0,0,1,1,2,113,6
P3,P2,10142,53,-99999,-99999,0,-99999,0,0,0,0,0,0,0,0,0,0,0,0,0,0,0,0,0,0,0,0,0,10,0,0,0,2,0,2,194,4,0,0,Married,GRADUATE,35,M,60000,186,0.545,0.2,0.645,-99999.0,0,0.913,1,0.0,0.0,0.0,0.0,4.24,0,0,others,ConsumerLoan,701,2,11,5,6,1,2,0.091,0.182,0.545,0.455,5,2,0.455,0.182,0,2,0,5,0,0,1,4,7,3,102,5
P1,P2,41293,77,-99999,-99999,0,-99999,0,0,0,0,-99999,-99999,0,0,16,4,10,0,0,0,0,0,0,0,0,0,0,1,0,0,0,0,0,0,536,0,0,0,Married,OTHERS,35,M,75000,77,1.0,0.0,0.377,-99999.0,0,-99999.0,0,0.0,0.0,0.0,0.0,-99999.0,0,0,others,others,701,1,1,0,1,0,0,0.0,0.0,1.0,0.0,0,0,0.0,0.0,0,1,0,0,0,0,0,1,0,0,18,18
P2,P3,21807,50,14,4,7,39,39,2,4,2,39,39,2,0,6,1,5,0,0,0,0,0,0,0,0,0,3,14,1,0,0,4,1,1,45,4,3,1,Married,SSC,37,F,19000,48,0.455,0.0,0.618,0.935,1,0.641,1,1.0,0.0,0.25,0.0,26.2,0,0,PL,others,669,0,11,6,5,0,3,0.0,0.273,0.455,0.545,0,3,0.0,0.273,0,2,1,6,0,0,2,2,9,0,45,12
P3,P1,18506,82,17,10,3,11,11,0,2,2,0,11,0,0,59,0,8,0,0,0,0,0,0,0,0,0,3,4,1,0,0,0,0,0,6,3,1,1,Married,12TH,35,M,40000,77,0.079,0.429,0.903,-99999.0,1,-99999.0,0,0.0,0.0,0.0,0.0,-99999.0,1,0,ConsumerLoan,CC,702,2,38,35,3,3,4,0.079,0.105,0.079,0.921,7,10,0.184,0.263,2,2,1,0,35,0,0,37,1,0,164,0
P3,P2,12469,53,-99999,-99999,0,-99999,0,0,0,0,0,0,0,0,43,8,19,0,0,0,0,0,0,0,0,0,0,7,0,0,0,3,3,3,28,4,4,2,Single,GRADUATE,28,F,22000,140,0.7,0.5,0.891,-99999.0,0,0.939,1,1.0,0.0,1.0,0.0,3.295,1,0,PL,others,702,2,10,3,7,2,0,0.2,0.0,0.7,0.3,4,0,0.4,0.0,4,1,0,4,4,0,1,5,5,0,66,5
P3,P1,34665,245,12,6,4,27,24,0,3,3,0,27,0,0,0,0,0,0,0,0,0,0,0,0,0,0,24,4,0,0,0,1,0,0,445,0,0,0,Married,GRADUATE,31,M,25500,275,0.167,0.0,0.0,-99999.0,0,-99999.0,0,0.0,0.0,0.0,0.0,0.451,0,0,others,others,702,2,6,5,1,0,0,0.0,0.0,0.167,0.833,0,1,0.0,0.167,0,3,0,2,0,0,0,3,3,1,108,16
P2,P3,45206,54,22,22,1,120,120,0,0,0,0,0,1,1,34,4,10,0,0,0,0,0,0,0,0,0,120,18,1,0,0,6,2,5,0,12,7,4,Married,POST-GRADUATE,40,M,60000,122,0.615,0.5,0.957,1.0,1,0.929,1,0.4,0.0,0.333,0.0,9.181,0,0,ConsumerLoan,AL,673,0,13,5,8,4,3,0.308,0.231,0.615,0.385,8,3,0.615,0.231,0,4,1,3,0,0,3,4,9,2,102,3
P2,P3,8839,84,-99999,-99999,0,-99999,0,0,0,0,0,0,0,0,0,0,0,0,0,0,0,0,0,0,0,0,0,7,0,0,0,1,1,1,76,5,4,1,Single,GRADUATE,24,M,30000,25,1.0,0.667,0.763,-99999.0,0,-99999.0,0,1.0,0.0,1.0,0.0,1.862,0,0,ConsumerLoan,others,669,0,3,0,3,2,0,0.667,0.0,1.0,0.0,3,0,1.0,0.0,2,0,0,3,0,0,0,0,3,0,8,3
P3,P2,1164,56,5,2,2,25,25,2,2,0,25,25,0,0,0,0,0,0,0,0,0,0,0,0,0,0,16,6,0,0,0,1,0,1,2,4,3,2,Single,SSC,25,M,10000,74,0.667,1.0,0.733,-99999.0,0,0.693,1,0.0,0.0,0.0,0.0,10.272,1,0,others,ConsumerLoan,668,2,6,2,4,3,0,0.5,0.0,0.667,0.333,3,0,0.5,0.0,2,0,0,3,1,0,1,2,4,1,52,2
P1,P2,45791,57,-99999,-99999,0,-99999,0,0,0,0,-99999,-99999,0,0,29,11,25,0,0,0,0,0,0,0,0,0,0,2,0,0,0,0,0,0,19,1,1,1,Single,GRADUATE,26,M,23000,52,0.75,0.333,0.972,-99999.0,0,-99999.0,0,0.0,0.0,0.0,0.0,4.348,1,0,others,others,701,1,4,1,3,1,1,0.25,0.25,0.75,0.25,3,1,0.75,0.25,1,0,0,0,3,0,0,3,1,1,15,3
P3,P2,48404,73,14,9,4,10,10,0,1,1,0,10,0,0,0,0,0,0,0,0,0,0,0,0,0,0,10,2,0,0,0,1,0,0,466,0,0,0,Single,GRADUATE,26,M,17000,69,0.5,0.0,0.0,-99999.0,0,-99999.0,1,0.0,0.0,0.0,0.0,0.359,0,0,PL,ConsumerLoan,668,2,2,1,1,0,1,0.0,0.5,0.5,0.5,0,1,0.0,0.5,0,0,0,1,0,0,1,0,2,0,28,16
P2,P3,44771,491,-99999,-99999,0,-99999,0,0,0,0,-99999,-99999,0,0,19,3,9,0,0,0,0,0,0,0,0,0,0,3,0,0,0,1,0,0,56,2,2,2,Single,UNDER GRADUATE,50,M,15000,71,1.0,0.0,0.27,-99999.0,0,-99999.0,0,0.0,0.0,0.0,0.0,-99999.0,1,0,ConsumerLoan,PL,669,0,1,0,1,0,0,0.0,0.0,1.0,0.0,0,0,0.0,0.0,0,0,0,0,1,0,0,1,0,0,21,21
P2,P3,10051,54,15,2,6,66,28,1,4,3,10,66,1,1,18,2,3,0,0,0,0,0,0,0,0,0,10,8,0,0,0,1,0,0,4,2,2,1,Married,GRADUATE,36,M,40000,245,0.4,0.333,0.616,-99999.0,0,-99999.0,0,0.0,0.0,0.0,0.0,-99999.0,1,0,ConsumerLoan,others,669,0,5,3,2,1,1,0.2,0.2,0.4,0.6,3,2,0.6,0.4,1,2,0,0,3,0,0,5,0,0,50,5
P3,P2,3273,72,2,1,2,39,9,2,2,0,39,39,1,0,0,0,0,0,0,0,0,0,0,0,0,0,9,4,0,0,0,0,0,0,15,4,3,3,Married,SSC,30,M,15000,190,0.444,0.25,0.036,-99999.0,0,-99999.0,0,0.0,0.0,0.0,0.0,1.533,1,0,others,others,667,2,9,5,4,1,0,0.111,0.0,0.444,0.556,4,0,0.444,0.0,0,0,0,1,8,0,0,8,1,0,76,3
P3,P2,5022,22,20,20,1,1,1,0,0,0,0,0,0,0,0,0,0,0,0,0,0,0,0,0,0,0,1,4,0,0,0,0,0,0,286,3,0,0,Married,12TH,29,F,14000,50,0.833,0.4,0.6,-99999.0,0,-99999.0,0,0.0,0.0,0.0,0.0,4.764,0,0,others,ConsumerLoan,668,2,6,1,5,2,0,0.333,0.0,0.833,0.167,5,0,0.833,0.0,0,1,0,5,0,0,0,1,5,0,27,4
P3,P1,24894,44,34,21,4,60,60,0,0,0,0,0,1,0,302,52,111,0,0,0,0,0,0,0,0,0,60,6,0,0,0,1,0,0,496,0,0,0,Married,GRADUATE,29,M,40000,69,0.286,0.6,0.0,-99999.0,0,-99999.0,0,0.0,0.0,0.0,0.0,-99999.0,1,0,others,others,776,2,42,30,12,6,4,0.143,0.095,0.286,0.714,10,9,0.238,0.214,0,3,0,0,36,0,0,39,3,3,52,1
P2,P3,38660,115,35,35,1,1,1,0,0,0,0,0,0,0,56,11,23,0,0,0,0,0,0,0,0,0,1,12,0,0,0,6,3,3,100,3,3,0,Married,GRADUATE,33,M,25000,105,0.611,0.667,0.757,-99999.0,0,0.98,1,1.0,0.0,0.5,0.0,22.0,1,0,PL,ConsumerLoan,670,0,18,7,11,2,2,0.111,0.111,0.611,0.389,3,2,0.167,0.111,2,1,0,1,14,0,2,15,3,0,45,2
P2,P3,10294,465,16,16,1,58,58,0,0,0,0,0,1,0,0,0,0,0,0,0,0,0,0,0,0,0,58,2,0,0,0,0,0,0,623,0,0,0,Single,GRADUATE,33,M,20000,161,0.0,0.0,0.0,-99999.0,0,-99999.0,0,0.0,0.0,0.0,0.0,-99999.0,0,0,ConsumerLoan,others,669,0,2,2,0,0,0,0.0,0.0,0.0,1.0,0,0,0.0,0.0,0,1,0,1,0,0,0,1,1,0,33,20
P2,P3,31176,90,-99999,-99999,0,-99999,0,0,0,0,0,0,0,0,0,0,0,0,0,0,0,0,0,0,0,0,0,7,1,0,0,1,1,1,43,4,4,3,Married,GRADUATE,43,M,44000,126,1.0,1.0,0.963,0.0,1,0.983,1,1.0,0.0,1.0,0.0,11.635,0,0,others,CC,669,0,3,0,3,2,0,0.667,0.0,1.0,0.0,2,0,0.667,0.0,1,0,1,1,0,0,1,0,3,0,59,2
P3,P2,48740,43,28,23,7,28,28,0,0,0,0,0,0,0,0,0,0,0,0,0,0,0,0,0,0,0,28,3,0,0,0,0,0,0,54,1,1,1,Single,12TH,25,M,23500,42,0.8,0.0,0.208,-99999.0,0,-99999.0,0,0.0,0.0,0.0,0.0,1.991,0,0,others,HL,667,2,5,1,4,0,0,0.0,0.0,0.8,0.2,1,0,0.2,0.0,0,0,0,2,0,0,0,2,3,3,39,7
P2,P3,14461,1508,-99999,-99999,0,-99999,0,0,0,0,-99999,-99999,0,0,11,4,8,0,0,0,0,0,0,0,0,0,0,2,0,0,0,1,1,1,3,2,2,2,Married,OTHERS,27,F,9000,17,0.25,0.0,1.001,-99999.0,0,-99999.0,0,1.0,0.0,1.0,0.0,-99999.0,1,0,ConsumerLoan,PL,671,0,4,3,1,0,0,0.0,0.0,0.25,0.75,1,1,0.25,0.25,1,0,0,0,2,0,0,4,0,2,55,7
P3,P1,21290,342,-99999,-99999,0,-99999,0,0,0,0,-99999,-99999,0,0,12,0,4,0,0,0,0,0,0,0,0,0,0,2,1,0,0,0,0,0,8,1,1,1,Married,SSC,59,M,55000,97,0.0,0.0,0.0,-99999.0,0,-99999.0,0,0.0,0.0,0.0,0.0,-99999.0,1,0,ConsumerLoan,CC,702,2,7,7,0,0,0,0.0,0.0,0.0,1.0,1,1,0.143,0.143,0,0,0,0,6,0,0,7,0,1,79,11
P2,P3,36323,149,-99999,-99999,0,-99999,0,0,0,0,-99999,-99999,0,0,17,5,11,0,0,0,0,0,0,0,0,0,0,7,0,0,0,1,1,1,1,5,4,2,Single,GRADUATE,25,M,55000,75,1.0,1.0,0.664,-99999.0,0,-99999.0,0,1.0,0.0,1.0,0.0,1.818,0,0,ConsumerLoan,others,670,0,2,0,2,1,0,0.5,0.0,1.0,0.0,1,0,0.5,0.0,0,0,0,0,0,0,0,1,1,2,17,5
P2,P3,8128,86,24,20,4,226,195,0,0,0,0,0,3,2,49,5,19,0,0,0,0,0,0,0,0,0,18,6,1,1,1,1,0,1,8,5,2,1,Married,12TH,43,M,27500,188,0.3,0.5,0.89,-99999.0,0,-99999.0,0,0.0,1.0,0.0,1.0,1.44,1,0,ConsumerLoan,ConsumerLoan,674,0,10,7,3,1,1,0.1,0.1,0.3,0.7,2,3,0.2,0.3,1,0,0,3,3,0,0,6,4,4,53,5
P1,P2,37172,34,6,4,2,6,6,1,2,1,6,6,0,0,0,0,0,0,0,0,0,0,0,0,0,0,6,25,4,3,3,6,0,1,5,11,4,2,Married,12TH,31,M,30000,130,0.455,0.6,0.867,0.779,1,0.11,1,0.0,1.0,0.0,0.75,7.118,1,0,ConsumerLoan,others,701,1,33,18,15,6,1,0.182,0.03,0.455,0.545,10,5,0.303,0.152,2,4,4,14,5,0,2,11,22,4,121,3
P3,P1,10235,184,-99999,-99999,0,-99999,0,0,0,0,0,0,0,0,0,0,0,0,0,0,0,0,0,0,0,0,0,3,0,0,0,0,0,0,317,1,0,0,Married,SSC,39,M,32000,77,0.5,0.0,0.096,-99999.0,0,-99999.0,0,0.0,0.0,0.0,0.0,0.391,0,0,ConsumerLoan,others,702,2,2,1,1,0,0,0.0,0.0,0.5,0.5,0,0,0.0,0.0,0,1,0,1,0,0,0,1,1,0,75,14
P3,P2,19336,957,-99999,-99999,0,-99999,0,0,0,0,-99999,-99999,0,0,30,0,0,0,0,0,0,0,0,0,0,0,0,2,0,0,0,0,0,0,1196,0,0,0,Married,GRADUATE,59,F,18000,120,0.0,0.0,0.0,-99999.0,0,-99999.0,0,0.0,0.0,0.0,0.0,-99999.0,1,0,AL,others,701,2,4,4,0,0,0,0.0,0.0,0.0,1.0,0,0,0.0,0.0,0,1,0,0,3,0,0,4,0,0,103,40
P2,P3,49368,66,31,2,27,25,25,4,10,6,25,25,0,0,0,0,0,0,0,0,0,0,0,0,0,0,25,7,0,0,0,1,1,1,5,5,2,2,Married,GRADUATE,53,M,35000,227,0.4,1.0,0.745,-99999.0,0,-99999.0,0,1.0,0.0,1.0,0.0,0.587,1,1,ConsumerLoan,HL,671,0,5,3,2,1,0,0.2,0.0,0.4,0.6,1,0,0.2,0.0,0,1,0,1,2,1,0,4,1,0,97,6
P3,P1,14024,22,-99999,-99999,0,-99999,0,0,0,0,0,0,0,0,0,0,0,0,0,0,0,0,0,0,0,0,0,5,1,0,0,1,0,0,278,3,0,0,Married,UNDER GRADUATE,38,M,29000,101,0.211,0.0,0.18,0.164,1,-99999.0,0,0.0,0.0,0.0,0.0,1.621,1,0,ConsumerLoan,CC,702,2,19,15,4,0,0,0.0,0.0,0.211,0.789,1,0,0.053,0.0,0,0,2,1,15,0,0,16,3,1,119,9
P3,P2,49316,63,-99999,-99999,0,-99999,0,0,0,0,0,0,0,0,0,0,0,0,0,0,0,0,0,0,0,0,0,3,0,0,0,3,1,1,69,1,1,1,Married,SSC,29,F,28750,42,0.5,1.0,1.0,-99999.0,0,1.0,1,1.0,0.0,0.333,0.0,13.041,0,0,PL,PL,667,2,2,1,1,1,1,0.5,0.5,0.5,0.5,1,1,0.5,0.5,1,0,0,0,0,0,2,0,2,0,18,2
P3,P2,50739,444,29,29,1,13,13,0,0,0,-99999,-99999,0,0,0,0,0,0,0,0,0,0,0,0,0,0,13,-99999,-99999,-99999,-99999,-99999,-99999,-99999,-99999,-99999,-99999,-99999,Married,SSC,48,M,15000,23,0.0,0.0,0.0,-99999.0,0,-99999.0,0,0.0,0.0,0.0,0.0,-99999.0,1,0,others,others,668,2,12,12,0,0,0,0.0,0.0,0.0,1.0,0,0,0.0,0.0,0,1,0,0,11,0,0,12,0,0,58,19
P3,P2,1323,1239,-99999,-99999,0,-99999,0,0,0,0,0,0,0,0,4,0,0,0,0,0,0,0,0,0,0,0,0,5,0,0,0,0,0,0,1133,0,0,0,Married,12TH,32,M,40000,125,0.5,0.0,0.043,-99999.0,0,-99999.0,0,0.0,0.0,0.0,0.0,0.468,0,0,ConsumerLoan,ConsumerLoan,702,2,2,1,1,0,0,0.0,0.0,0.5,0.5,0,0,0.0,0.0,0,0,0,2,0,0,0,0,2,0,58,49
P3,P2,29211,112,-99999,-99999,0,-99999,0,0,0,0,0,0,0,0,17,5,11,0,0,0,0,0,0,0,0,0,0,4,0,0,0,1,1,1,108,3,1,0,Single,GRADUATE,26,M,20000,47,0.6,0.625,0.788,-99999.0,0,1.0,1,1.0,0.0,1.0,0.0,4.934,1,0,PL,ConsumerLoan,701,2,10,4,6,5,2,0.5,0.2,0.6,0.4,8,2,0.8,0.2,5,0,0,6,3,0,1,3,7,0,79,3
P3,P2,20169,55,-99999,-99999,0,-99999,0,0,0,0,-99999,-99999,0,0,14,6,12,0,0,0,0,0,0,0,0,0,0,-99999,-99999,-99999,-99999,-99999,-99999,-99999,-99999,-99999,-99999,-99999,Married,SSC,39,M,20000,182,0.5,1.0,1.005,-99999.0,0,-99999.0,0,0.0,0.0,0.0,0.0,-99999.0,1,0,others,others,701,2,2,1,1,1,1,0.5,0.5,0.5,0.5,1,1,0.5,0.5,1,0,0,0,2,0,0,2,0,0,14,2
P3,P2,15137,38,-99999,-99999,0,-99999,0,0,0,0,0,0,0,0,19,4,7,0,0,0,0,0,0,0,0,0,0,2,0,0,0,0,0,0,208,2,0,0,Married,12TH,31,M,35000,102,0.6,0.0,0.976,-99999.0,0,-99999.0,0,0.0,0.0,0.0,0.0,-99999.0,1,0,others,others,701,2,5,2,3,0,0,0.0,0.0,0.6,0.4,3,1,0.6,0.2,1,1,0,0,2,0,0,5,0,2,70,7
P3,P2,14529,40,-99999,-99999,0,-99999,0,0,0,0,0,0,0,0,0,0,0,0,0,0,0,0,0,0,0,0,0,3,0,0,0,0,0,0,1,3,1,1,Married,GRADUATE,23,M,20000,68,1.0,0.0,0.406,-99999.0,0,-99999.0,0,0.0,0.0,0.0,0.0,-99999.0,0,0,ConsumerLoan,others,667,2,1,0,1,0,0,0.0,0.0,1.0,0.0,1,0,1.0,0.0,0,1,0,0,0,0,0,1,0,0,8,8
P3,P2,45267,84,-99999,-99999,0,-99999,0,0,0,0,0,0,0,0,0,0,0,0,0,0,0,0,0,0,0,0,0,11,0,0,0,0,0,0,2,10,4,1,Single,12TH,25,M,22000,103,0.8,0.5,0.347,-99999.0,0,-99999.0,0,0.0,0.0,0.0,0.0,2.782,0,0,ConsumerLoan,ConsumerLoan,668,2,5,1,4,2,1,0.4,0.2,0.8,0.2,4,1,0.8,0.2,1,0,0,5,0,0,0,0,5,0,13,3
P3,P2,14433,26,-99999,-99999,0,-99999,0,0,0,0,-99999,-99999,0,0,82,12,30,0,0,0,0,0,0,0,0,0,0,3,0,0,0,0,0,0,16,1,1,1,Single,GRADUATE,32,M,20000,240,0.667,0.0,0.983,-99999.0,0,-99999.0,0,0.0,0.0,0.0,0.0,17.5,0,0,ConsumerLoan,others,701,2,3,1,2,0,1,0.0,0.333,0.667,0.333,0,1,0.0,0.333,0,0,0,0,0,0,0,2,1,3,54,23
P1,P2,39501,752,-99999,-99999,0,-99999,0,0,0,0,-99999,-99999,0,0,12,0,0,0,0,0,0,0,0,0,0,0,0,1,0,0,0,0,0,0,2566,0,0,0,Married,OTHERS,34,F,15000,26,0.0,0.0,0.0,-99999.0,0,-99999.0,0,0.0,0.0,0.0,0.0,-99999.0,0,0,others,others,701,1,1,1,0,0,0,0.0,0.0,0.0,1.0,0,0,0.0,0.0,0,1,0,0,0,0,0,1,0,0,85,85
P2,P3,23249,78,-99999,-99999,0,-99999,0,0,0,0,0,0,0,0,33,4,10,0,0,0,0,0,0,0,0,0,0,17,5,2,2,5,2,2,6,6,6,6,Married,GRADUATE,33,M,18000,128,1.0,1.0,0.638,0.654,1,0.637,1,1.0,1.0,0.4,0.4,27.222,0,0,ConsumerLoan,HL,669,0,4,0,4,1,0,0.25,0.0,1.0,0.0,1,0,0.25,0.0,1,0,1,0,0,0,3,0,4,0,41,2
P2,P3,40731,65,-99999,-99999,0,-99999,0,0,0,0,0,0,0,0,1,1,1,0,0,0,0,0,0,0,0,0,0,32,6,3,4,11,6,11,2,30,24,4,Married,12TH,32,M,28000,65,0.5,1.0,0.713,-99999.0,0,0.855,1,0.545,0.75,0.545,0.5,1.696,0,0,ConsumerLoan,CC,669,0,6,3,3,6,3,1.0,0.5,0.5,0.5,6,3,1.0,0.5,1,0,0,1,0,0,4,1,5,1,6,4
P2,P3,4436,-99999,-99999,-99999,0,-99999,0,0,0,0,0,0,0,0,8,4,8,0,0,0,0,0,0,0,0,0,0,1,0,0,0,1,1,1,37,1,1,1,Married,SSC,30,M,22000,152,0.5,0.0,0.411,-99999.0,0,-99999.0,0,1.0,0.0,1.0,0.0,27.273,0,0,PL,PL,670,0,2,1,1,0,1,0.0,0.5,0.5,0.5,0,1,0.0,0.5,1,1,0,0,0,0,0,1,1,1,16,15
P2,P3,37998,25,-99999,-99999,0,-99999,0,0,0,0,0,0,0,0,54,5,18,0,0,0,0,0,0,0,0,0,0,38,0,0,0,6,1,2,29,17,9,6,Married,POST-GRADUATE,38,M,19900,237,0.327,0.55,0.363,-99999.0,0,-99999.0,0,0.5,0.0,0.167,0.0,12.032,1,0,ConsumerLoan,others,675,0,49,33,16,11,8,0.224,0.163,0.327,0.673,20,11,0.408,0.224,4,1,0,32,4,0,0,8,41,12,84,2
P3,P2,28111,80,-99999,-99999,0,-99999,0,0,0,0,0,0,0,0,0,0,0,8,0,0,16,0,2,0,0,0,0,-99999,-99999,-99999,-99999,-99999,-99999,-99999,-99999,-99999,-99999,-99999,Married,SSC,35,M,18500,102,0.286,1.0,0.0,-99999.0,0,-99999.0,0,0.0,0.0,0.0,0.0,-99999.0,1,0,others,others,701,2,7,5,2,1,1,0.143,0.143,0.286,0.714,1,1,0.143,0.143,0,0,0,0,6,0,0,7,0,1,50,3
P3,P2,28634,229,-99999,-99999,0,-99999,0,0,0,0,-99999,-99999,0,0,2,0,1,0,0,0,0,0,0,0,0,0,0,1,0,0,0,0,0,0,26,1,1,1,Married,12TH,43,F,15000,187,1.0,0.0,1.0,-99999.0,0,-99999.0,0,0.0,0.0,0.0,0.0,0.002,0,0,ConsumerLoan,ConsumerLoan,668,2,1,0,1,0,0,0.0,0.0,1.0,0.0,0,0,0.0,0.0,0,0,0,0,0,0,0,0,1,1,37,37
P2,P3,37446,216,-99999,-99999,0,-99999,0,0,0,0,-99999,-99999,0,0,29,0,5,0,0,0,0,0,0,0,0,0,0,5,0,0,0,0,0,0,1,2,2,2,Single,UNDER GRADUATE,26,M,8500,70,0.0,0.0,0.0,-99999.0,0,-99999.0,0,0.0,0.0,0.0,0.0,-99999.0,0,0,ConsumerLoan,others,669,0,1,1,0,0,0,0.0,0.0,0.0,1.0,0,1,0.0,1.0,0,1,0,0,0,0,0,1,0,0,52,52
P2,P3,37110,161,35,26,4,52,25,0,0,0,-99999,-99999,2,0,33,10,16,0,0,0,0,0,0,0,0,0,25,7,2,0,0,4,1,4,100,5,2,0,Single,GRADUATE,27,M,18000,100,0.286,0.5,1.031,-99999.0,0,-99999.0,0,0.25,0.0,0.25,0.0,-99999.0,1,0,ConsumerLoan,CC,671,0,7,5,2,1,0,0.143,0.0,0.286,0.714,2,1,0.286,0.143,0,0,0,0,7,0,0,7,0,0,38,5
P1,P2,38147,531,-99999,-99999,0,-99999,0,0,0,0,-99999,0,0,0,28,3,5,0,0,0,0,0,0,0,0,0,0,1,0,0,0,1,0,0,536,0,0,0,Married,12TH,48,M,18000,125,0.333,0.0,0.27,-99999.0,0,-99999.0,0,0.0,0.0,0.0,0.0,-99999.0,0,0,PL,PL,702,1,3,2,1,0,0,0.0,0.0,0.333,0.667,0,0,0.0,0.0,1,1,0,0,0,0,0,3,0,2,43,18
P1,P2,34299,279,34,3,15,216,120,3,6,3,63,154,14,13,0,0,0,0,0,0,11,0,5,0,0,0,1,5,1,0,0,0,0,0,317,1,0,0,Married,12TH,44,M,40000,23,0.667,0.0,0.914,-99999.0,0,-99999.0,0,0.0,0.0,0.0,0.0,1.0,1,0,HL,others,703,1,6,2,4,0,0,0.0,0.0,0.667,0.333,0,0,0.0,0.0,1,3,0,0,1,0,0,5,1,2,175,48
P1,P2,38597,47,-99999,-99999,0,-99999,0,0,0,0,-99999,-99999,0,0,47,9,21,0,0,0,0,0,0,0,0,0,0,3,0,0,0,1,1,1,29,2,1,1,Single,GRADUATE,29,M,35000,64,0.333,1.0,0.674,-99999.0,0,-99999.0,0,1.0,0.0,1.0,0.0,-99999.0,0,0,PL,others,701,1,3,2,1,1,2,0.333,0.667,0.333,0.667,1,2,0.333,0.667,1,1,0,0,0,0,0,3,0,2,39,3
P3,P2,10841,14,-99999,-99999,0,-99999,0,0,0,0,-99999,-99999,0,0,4,4,4,0,0,0,0,0,0,0,0,0,0,4,0,0,0,2,2,2,177,4,2,0,Single,12TH,34,M,24000,44,1.0,0.0,0.92,-99999.0,0,-99999.0,0,1.0,0.0,1.0,0.0,-99999.0,0,1,PL,HL,667,2,1,0,1,0,0,0.0,0.0,1.0,0.0,1,0,1.0,0.0,0,0,0,0,0,1,0,1,0,0,6,6
P3,P1,34231,67,-99999,-99999,0,-99999,0,0,0,0,0,0,0,0,9,2,6,0,0,0,0,0,0,0,0,0,0,2,0,0,0,0,0,0,583,0,0,0,Married,12TH,55,F,79000,490,0.333,0.0,0.94,-99999.0,0,-99999.0,0,0.0,0.0,0.0,0.0,-99999.0,0,0,others,HL,702,2,3,2,1,0,1,0.0,0.333,0.333,0.667,0,1,0.0,0.333,0,0,0,0,0,0,0,3,0,3,47,19
P2,P3,14728,355,20,8,3,60,30,0,2,2,0,60,2,0,30,5,15,3,2,3,0,0,0,0,0,0,30,8,0,0,0,4,2,2,6,3,3,3,Married,GRADUATE,51,M,40000,182,0.0,0.0,0.0,-99999.0,0,-99999.0,1,1.0,0.0,0.5,0.0,-99999.0,0,0,ConsumerLoan,ConsumerLoan,673,0,9,9,0,0,1,0.0,0.111,0.0,1.0,0,3,0.0,0.333,0,1,0,2,0,0,1,1,8,5,57,17
P3,P2,30121,776,-99999,-99999,0,-99999,0,0,0,0,-99999,-99999,0,0,0,0,0,0,0,0,0,0,0,0,0,0,0,2,0,0,0,0,0,0,1157,0,0,0,Single,SSC,28,M,20800,79,0.0,0.0,0.0,-99999.0,0,-99999.0,0,0.0,0.0,0.0,0.0,-99999.0,0,0,others,others,701,2,2,2,0,0,0,0.0,0.0,0.0,1.0,0,0,0.0,0.0,0,2,0,0,0,0,0,2,0,0,64,38
P3,P2,19928,-99999,-99999,-99999,0,-99999,0,0,0,0,0,0,0,0,0,0,0,0,0,0,0,0,0,0,0,0,0,4,0,0,0,0,0,0,44,3,3,3,Married,SSC,39,M,81000,191,1.0,1.0,0.89,-99999.0,0,-99999.0,0,0.0,0.0,0.0,0.0,0.438,0,0,others,others,667,2,2,0,2,2,0,1.0,0.0,1.0,0.0,2,0,1.0,0.0,2,0,0,1,0,0,0,0,2,1,2,2
P3,P2,11790,61,-99999,-99999,0,-99999,0,0,0,0,0,0,0,0,0,0,0,0,0,0,0,0,0,0,0,0,0,2,0,0,0,0,0,0,8,1,1,1,Married,12TH,29,F,15000,14,0.4,1.0,0.667,-99999.0,0,-99999.0,0,0.0,0.0,0.0,0.0,1.394,0,0,others,ConsumerLoan,667,2,5,3,2,2,3,0.4,0.6,0.4,0.6,2,3,0.4,0.6,1,0,0,3,0,0,0,0,5,2,20,5
P3,P2,10275,149,-99999,-99999,0,-99999,0,0,0,0,0,0,0,0,35,4,15,0,0,0,0,0,0,0,0,0,0,1,0,0,0,0,0,0,1110,0,0,0,Married,GRADUATE,40,M,35000,68,0.556,0.75,0.431,-99999.0,0,-99999.0,0,0.0,0.0,0.0,0.0,-99999.0,1,1,HL,HL,701,2,9,4,5,3,2,0.333,0.222,0.556,0.444,4,2,0.444,0.222,3,0,0,0,5,1,0,9,0,3,37,1
P3,P2,21278,64,-99999,-99999,0,-99999,0,0,0,0,0,0,0,0,28,0,4,0,0,0,0,0,0,0,0,0,0,1,0,0,0,0,0,0,669,0,0,0,Married,SSC,30,M,18000,124,0.111,0.5,0.536,-99999.0,0,-99999.0,0,0.0,0.0,0.0,0.0,-99999.0,0,0,others,others,701,2,18,16,2,1,3,0.056,0.167,0.111,0.889,2,3,0.111,0.167,1,0,0,0,0,0,0,18,0,18,74,4
P3,P2,48128,30,27,27,1,26,26,0,0,0,0,0,0,0,2,2,2,0,0,0,0,0,0,0,0,0,26,3,0,0,0,0,0,0,2,1,1,1,Married,12TH,28,M,8000,75,0.667,0.0,0.877,-99999.0,0,0.752,1,0.0,0.0,0.0,0.0,43.79,0,0,others,others,667,2,3,1,2,0,0,0.0,0.0,0.667,0.333,2,1,0.667,0.333,0,1,0,0,0,0,1,1,2,1,39,9
P3,P2,49871,48,-99999,-99999,0,-99999,0,0,0,0,0,0,0,0,0,0,0,0,0,0,0,0,0,0,0,0,0,2,0,0,0,0,0,0,65,1,1,1,Married,SSC,33,M,25000,245,1.0,0.5,0.917,-99999.0,0,-99999.0,0,0.0,0.0,0.0,0.0,0.84,0,0,others,others,667,2,2,0,2,1,0,0.5,0.0,1.0,0.0,2,0,1.0,0.0,1,0,0,1,0,0,0,1,1,1,12,2
P3,P2,34674,37,4,1,3,37,37,3,3,0,37,37,1,0,38,13,29,0,0,0,0,0,0,0,0,0,37,2,0,0,0,0,0,0,71,2,1,1,Single,OTHERS,22,M,15000,41,0.571,0.5,0.945,-99999.0,0,-99999.0,0,0.0,0.0,0.0,0.0,-99999.0,1,0,others,others,702,2,7,3,4,2,2,0.286,0.286,0.571,0.429,4,3,0.571,0.429,0,2,0,0,5,0,0,7,0,0,21,2
P3,P2,40071,294,16,15,2,60,30,0,0,0,-99999,0,1,0,0,0,0,0,0,0,0,0,0,0,0,0,30,-99999,-99999,-99999,-99999,-99999,-99999,-99999,-99999,-99999,-99999,-99999,Married,GRADUATE,27,M,31000,188,0.0,0.0,0.0,-99999.0,0,-99999.0,0,0.0,0.0,0.0,0.0,-99999.0,0,0,others,others,667,2,2,2,0,0,0,0.0,0.0,0.0,1.0,0,1,0.0,0.5,0,0,0,0,0,0,0,2,0,2,33,28
P2,P3,7102,96,-99999,-99999,0,-99999,0,0,0,0,0,0,0,0,0,0,0,0,0,0,0,0,0,0,0,0,0,3,0,0,0,2,2,2,48,3,3,1,Married,GRADUATE,27,M,12000,29,0.286,1.0,0.61,-99999.0,0,-99999.0,1,1.0,0.0,1.0,0.0,1.042,1,0,ConsumerLoan,PL,669,0,7,5,2,4,2,0.571,0.286,0.286,0.714,4,2,0.571,0.286,1,0,0,1,3,0,1,5,2,2,20,2
P2,P3,24266,491,26,2,4,59,28,2,2,0,59,59,2,0,0,0,0,0,0,0,0,0,0,0,0,0,28,8,0,0,0,1,1,1,1,4,4,1,Single,UNDER GRADUATE,32,M,20000,63,0.0,0.0,0.0,-99999.0,0,-99999.0,0,1.0,0.0,1.0,0.0,-99999.0,0,0,ConsumerLoan,others,670,0,3,3,0,0,0,0.0,0.0,0.0,1.0,0,0,0.0,0.0,0,1,0,1,0,0,0,1,2,1,79,28
P3,P2,38621,68,-99999,-99999,0,-99999,0,0,0,0,0,0,0,0,0,0,0,0,0,0,0,0,0,0,0,0,0,4,0,0,0,0,0,0,3,3,2,2,Married,GRADUATE,30,M,25000,122,1.0,0.0,0.2,-99999.0,0,-99999.0,0,0.0,0.0,0.0,0.0,0.596,0,0,ConsumerLoan,others,668,2,1,0,1,0,0,0.0,0.0,1.0,0.0,1,0,1.0,0.0,0,0,0,0,0,0,0,0,1,1,8,8
P3,P2,35002,25,29,14,18,183,92,0,0,0,0,0,16,7,0,0,0,0,0,0,0,0,0,0,0,0,31,-99999,-99999,-99999,-99999,-99999,-99999,-99999,-99999,-99999,-99999,-99999,Married,SSC,33,M,60000,149,0.043,0.8,1.002,-99999.0,0,-99999.0,0,0.0,0.0,0.0,0.0,-99999.0,1,0,others,others,701,2,93,89,4,4,4,0.043,0.043,0.043,0.957,5,8,0.054,0.086,4,1,0,0,92,0,0,93,0,0,98,1
P3,P2,12534,37,-99999,-99999,0,-99999,0,0,0,0,0,0,0,0,0,0,0,0,0,0,0,0,0,0,0,0,0,4,0,0,0,2,1,1,181,3,1,0,Married,UNDER GRADUATE,39,M,60000,188,0.5,0.5,0.333,-99999.0,0,-99999.0,0,1.0,0.0,0.5,0.0,0.133,0,0,PL,PL,668,2,2,1,1,1,1,0.5,0.5,0.5,0.5,2,1,1.0,0.5,0,0,0,2,0,0,0,0,2,0,10,6
P2,P3,8802,41,-99999,-99999,0,-99999,0,0,0,0,0,0,0,0,19,4,10,0,0,0,0,0,0,0,0,0,0,12,2,1,1,1,1,1,19,4,3,2,Married,UNDER GRADUATE,27,M,25000,54,0.8,0.5,0.08,0.577,1,-99999.0,0,1.0,1.0,1.0,0.5,1.75,0,1,others,others,670,0,5,1,4,1,0,0.2,0.0,0.8,0.2,2,0,0.4,0.0,1,2,2,0,0,1,0,3,2,0,28,3
P3,P2,4695,75,-99999,-99999,0,-99999,0,0,0,0,0,0,0,0,0,0,0,0,0,0,0,0,0,0,0,0,0,4,0,0,0,2,2,2,20,3,2,2,Single,GRADUATE,26,M,17500,53,1.0,0.0,0.045,-99999.0,0,-99999.0,0,1.0,0.0,1.0,0.0,0.542,0,0,PL,others,668,2,2,0,2,0,0,0.0,0.0,1.0,0.0,1,0,0.5,0.0,0,1,0,1,0,0,0,1,1,0,67,8
P3,P2,32363,84,18,15,2,31,31,0,0,0,0,0,1,0,0,0,0,0,0,0,0,0,0,0,0,0,30,2,0,0,0,0,0,0,8,2,2,2,Single,GRADUATE,24,M,18500,44,0.0,0.0,0.0,-99999.0,0,-99999.0,0,0.0,0.0,0.0,0.0,-99999.0,1,0,others,others,668,2,4,4,0,0,1,0.0,0.25,0.0,1.0,0,1,0.0,0.25,0,0,0,0,4,0,0,4,0,0,44,16
P3,P2,22892,59,3,3,1,5,5,1,1,0,5,5,0,0,0,0,0,0,0,0,0,0,0,0,0,0,5,1,0,0,0,0,0,0,283,1,0,0,Married,SSC,36,M,25000,102,1.0,0.0,0.726,-99999.0,0,-99999.0,0,0.0,0.0,0.0,0.0,1.356,0,0,others,others,667,2,1,0,1,0,0,0.0,0.0,1.0,0.0,1,0,1.0,0.0,0,0,0,0,0,0,0,0,1,1,9,9
P3,P2,17356,55,-99999,-99999,0,-99999,0,0,0,0,0,0,0,0,38,6,10,0,0,0,0,0,0,0,0,0,0,-99999,-99999,-99999,-99999,-99999,-99999,-99999,-99999,-99999,-99999,-99999,Married,SSC,33,F,20000,78,0.455,1.0,1.0,-99999.0,0,-99999.0,0,0.0,0.0,0.0,0.0,-99999.0,1,0,others,others,701,2,11,6,5,2,0,0.182,0.0,0.455,0.545,2,0,0.182,0.0,2,0,0,0,8,0,0,8,3,3,40,3
P3,P2,30332,59,-99999,-99999,0,-99999,0,0,0,0,0,0,0,0,11,1,7,0,0,0,0,0,0,0,0,0,0,3,0,0,0,0,0,0,285,3,0,0,Single,GRADUATE,24,M,25000,125,1.0,0.0,0.924,-99999.0,0,-99999.0,0,0.0,0.0,0.0,0.0,0.0,0,0,others,others,702,2,2,0,2,0,0,0.0,0.0,1.0,0.0,1,0,0.5,0.0,0,1,0,0,0,0,0,1,1,1,97,9
P3,P1,12182,80,-99999,-99999,0,-99999,0,0,0,0,0,0,0,0,19,4,10,0,0,0,0,0,0,0,0,0,0,2,0,0,0,0,0,0,138,1,1,0,Married,12TH,43,M,26000,186,0.222,0.5,0.775,-99999.0,0,-99999.0,0,0.0,0.0,0.0,0.0,5.577,1,0,ConsumerLoan,others,702,2,18,14,4,1,0,0.056,0.0,0.222,0.778,2,0,0.111,0.0,0,1,0,1,13,0,0,15,3,3,88,4
P2,P3,44357,50,31,4,42,150,150,5,22,17,58,58,12,2,4,0,0,0,0,0,0,0,0,0,0,0,3,35,7,2,4,0,0,0,14,8,6,3,Married,12TH,47,M,28000,186,0.387,0.5,0.376,0.214,1,-99999.0,0,0.0,0.5,0.0,0.286,2.572,0,0,ConsumerLoan,AL,672,0,31,19,12,3,0,0.097,0.0,0.387,0.613,6,3,0.194,0.097,0,23,1,7,0,0,0,23,8,0,102,2
P4,P3,13495,-99999,-99999,-99999,0,-99999,0,0,0,0,0,0,0,0,0,0,0,0,0,0,0,0,0,0,0,0,0,6,2,2,2,0,0,0,14,6,6,4,Single,POST-GRADUATE,26,M,57500,71,1.0,1.0,-99999.0,-99999.0,1,-99999.0,0,0.0,1.0,0.0,1.0,0.0,0,0,others,others,658,3,1,0,1,1,0,1.0,0.0,1.0,0.0,1,0,1.0,0.0,1,0,1,0,0,0,0,0,1,0,3,3
P3,P2,35946,63,-99999,-99999,0,-99999,0,0,0,0,0,0,0,0,0,0,0,0,0,0,0,0,0,0,0,0,0,4,0,0,0,0,0,0,673,0,0,0,Married,12TH,31,M,12000,100,0.5,0.0,0.215,-99999.0,0,-99999.0,0,0.0,0.0,0.0,0.0,-99999.0,0,0,others,others,702,2,2,1,1,0,0,0.0,0.0,0.5,0.5,0,0,0.0,0.0,0,2,0,0,0,0,0,2,0,0,62,22
P1,P2,39469,111,-99999,-99999,0,-99999,0,0,0,0,0,0,0,0,20,4,10,0,0,0,0,0,0,0,0,0,0,1,0,0,0,0,0,0,447,0,0,0,Single,UNDER GRADUATE,29,M,20000,122,1.0,0.0,0.505,-99999.0,0,-99999.0,0,0.0,0.0,0.0,0.0,1.2,0,0,others,others,702,1,2,0,2,0,0,0.0,0.0,1.0,0.0,0,0,0.0,0.0,0,0,0,1,0,0,0,1,1,1,22,15
P3,P2,4748,46,17,17,1,15,15,0,0,0,0,0,0,0,0,0,0,0,0,0,0,0,0,0,0,0,15,2,1,0,0,0,0,0,933,0,0,0,Single,UNDER GRADUATE,23,M,16000,26,1.0,0.0,0.221,0.025,1,-99999.0,0,0.0,0.0,0.0,0.0,0.03,0,0,CC,AL,667,2,2,0,2,0,0,0.0,0.0,1.0,0.0,0,0,0.0,0.0,1,1,1,0,0,0,0,1,1,0,31,31
P2,P3,45475,85,-99999,-99999,0,-99999,0,0,0,0,0,0,0,0,0,0,0,0,0,0,0,0,0,0,0,0,0,3,0,0,0,2,2,2,39,2,2,2,Married,12TH,43,M,25000,245,0.333,1.0,0.5,-99999.0,0,-99999.0,0,1.0,0.0,1.0,0.0,0.48,0,0,PL,others,669,0,3,2,1,1,1,0.333,0.333,0.333,0.667,1,1,0.333,0.333,0,1,0,2,0,0,0,1,2,0,51,5
P3,P2,9871,63,-99999,-99999,0,-99999,0,0,0,0,0,0,0,0,0,0,0,0,0,0,0,0,0,0,0,0,0,4,0,0,0,0,0,0,1,4,4,1,Single,POST-GRADUATE,26,M,20000,38,1.0,1.0,0.795,-99999.0,0,-99999.0,0,0.0,0.0,0.0,0.0,0.822,0,0,ConsumerLoan,others,668,2,1,0,1,1,0,1.0,0.0,1.0,0.0,1,0,1.0,0.0,0,0,0,1,0,0,0,0,1,0,4,4
P3,P2,26138,59,35,6,6,67,12,0,4,4,0,67,3,2,74,10,28,0,0,0,0,0,0,0,0,0,9,4,0,0,0,0,0,0,25,2,2,1,Married,GRADUATE,50,M,18000,152,0.188,0.0,0.873,-99999.0,0,-99999.0,0,0.0,0.0,0.0,0.0,1.389,1,1,others,AL,701,2,16,13,3,0,1,0.0,0.062,0.188,0.812,0,1,0.0,0.062,0,1,0,0,13,1,0,15,1,1,71,15
P3,P2,24175,70,18,12,7,198,15,0,0,0,0,0,6,5,0,0,0,0,0,0,0,0,0,0,0,0,15,-99999,-99999,-99999,-99999,-99999,-99999,-99999,-99999,-99999,-99999,-99999,Married,GRADUATE,39,M,17000,116,0.333,1.0,1.011,-99999.0,0,-99999.0,0,0.0,0.0,0.0,0.0,-99999.0,1,0,others,others,702,2,3,2,1,1,1,0.333,0.333,0.333,0.667,1,1,0.333,0.333,1,1,0,0,2,0,0,3,0,0,126,2
P3,P2,35990,94,33,4,6,243,154,1,2,1,56,56,6,4,9,0,0,4,0,0,0,0,0,0,0,0,56,4,0,0,0,0,0,0,278,1,0,0,Married,GRADUATE,33,M,20000,101,0.5,0.0,0.801,-99999.0,0,-99999.0,0,0.0,0.0,0.0,0.0,2.5,0,0,ConsumerLoan,others,668,2,2,1,1,0,1,0.0,0.5,0.5,0.5,0,1,0.0,0.5,0,1,0,0,0,0,0,1,1,1,39,19
